prefixes,titles,uri,url,abstract,size,year,keywords
eac-cpf,EAC-CPF Descriptions Ontology for Linked Archival Data:,http://archivi.ibc.regione.emilia-romagna.it/ontology/eac-cpf/,http://archivi.ibc.regione.emilia-romagna.it/ontology/semanticEnvironment/index.html,,"13 classes, 25 properties, 0 instances (2017)",1999,Catalogs
dce,"Dublin Core Metadata Element Set, Version 1.1; Dublin Core Metadata Element Set",http://purl.org/dc/elements/1.1/,http://dublincore.org/documents/dces,,"13 classes, 25 properties, 0 instances (2017)",1999,Metadata
dcterms,DCMI Metadata Terms - other; DCMI Metadata Terms,http://purl.org/dc/terms/,http://dublincore.org/documents/dcmi-terms,,"13 classes, 25 properties, 0 instances (2017)",1999,Metadata
awol,Atom Syndication Ontology,http://bblfish.net/work/atom-owl/2006-06-06/,http://bblfish.net/work/atom-owl/2006-06-06/AtomOwl.html,,"13 classes, 25 properties, 0 instances (2017)",1999,API
bf,BIBFRAME Vocabulary,http://bibframe.org/vocab,http://www.loc.gov/bibframe,,"13 classes, 25 properties, 0 instances (2017)",1999,Catalogs
va,The Visual Analytics Vocabulary,http://code-research.eu/ontology/visual-analytics,,,"13 classes, 25 properties, 0 instances (2017)",1999,Methods
being,OntoMedia Being Representation,http://contextus.net/ontology/ontomedia/ext/common/being#,,,"13 classes, 25 properties, 0 instances (2017)",1999,Multimedia
foaf,Friend of a Friend vocabulary,http://xmlns.com/foaf/0.1/,http://www.foaf-project.org/,,"13 classes, 25 properties, 0 instances (2017)",1999,People
trait,OntoMedia Trait Representation,http://contextus.net/ontology/ontomedia/ext/common/trait#,,,"13 classes, 25 properties, 0 instances (2017)",1999,Multimedia
crsw,ReSIST Courseware Ontology,http://courseware.rkbexplorer.com/ontologies/courseware,,,"13 classes, 25 properties, 0 instances (2017)",1999,Academy
akt,AKT Reference Ontology,http://www.aktors.org/ontology/portal,http://d3e.open.ac.uk/akt/2002/ref-onto.html,,"13 classes, 25 properties, 0 instances (2017)",1999,Society
cc,Creative Commons Rights Expression Language,http://creativecommons.org/ns,,,"13 classes, 25 properties, 0 instances (2017)",1999,Metadata
obo,Ontology for Biomedical Investigation,http://purl.obolibrary.org/obo/obi.owl,,,"13 classes, 25 properties, 0 instances (2017)",1999,Biology; Health
opo,Online Presence Ontology,http://online-presence.net/opo/ns#,http://online-presence.net/opo/spec/,,"13 classes, 25 properties, 0 instances (2017)",1999,People
agrelon,Agent Relationship Ontology,http://d-nb.info/standards/elementset/agrelon.owl#,,,"13 classes, 25 properties, 0 instances (2017)",1999,People
gndo,GND Ontology,http://d-nb.info/standards/elementset/gnd#,,,"13 classes, 25 properties, 0 instances (2017)",1999,Catalogs
topo,An ontology for describing territory elements an infrastructure at French Mapping Agency.,http://data.ign.fr/def/topo,,,"13 classes, 25 properties, 0 instances (2017)",1999,Geography
osp,French Public Services Ontology,http://data.lirmm.fr/ontologies/osp,http://data.lirmm.fr/ontologies/osp.html,,"13 classes, 25 properties, 0 instances (2017)",1999,Society
poste,"""La Poste"" Ontology",http://data.lirmm.fr/ontologies/poste,http://data.lirmm.fr/ontologies/poste.html,,"13 classes, 25 properties, 0 instances (2017)",1999,Society
vdpp,Vocabulary for Dataset Publication Projects,http://data.lirmm.fr/ontologies/vdpp,http://data.lirmm.fr/ontologies/vdpp.html,,"13 classes, 25 properties, 0 instances (2017)",1999,Quality
osadm,The administrative geography and civil voting area ontology,http://data.ordnancesurvey.co.uk/ontology/admingeo/,,,"13 classes, 25 properties, 0 instances (2017)",1999,Geography
osspr,Spatial Relations Ontology,http://data.ordnancesurvey.co.uk/ontology/spatialrelations/,,,"13 classes, 25 properties, 0 instances (2017)",1999,Geometry
osgeom,Ordnance Survey Geometry Ontology,http://data.ordnancesurvey.co.uk/ontology/geometry/,,,"13 classes, 25 properties, 0 instances (2017)",1999,Geometry
postcode,Postcode Ontology,http://data.ordnancesurvey.co.uk/ontology/postcode/,,,"13 classes, 25 properties, 0 instances (2017)",1999,Geography
skos,SKOS Vocabulary; Simple Knowledge Organization System,http://www.w3.org/2004/02/skos/core,http://www.w3.org/2009/08/skos-reference/skos.html,,"13 classes, 25 properties, 0 instances (2017)",1999,W3C Rec
gsp,OGC GeoSPARQL,http://www.opengis.net/ont/geosparql,,,"13 classes, 25 properties, 0 instances (2017)",1999,Geometry
pnc,SNaP Classification Ontology; Press.net Classification Ontology,http://data.press.net/ontology/classification/,,,"13 classes, 25 properties, 0 instances (2017)",1999,Catalogs
game,TotL Game Ontology,http://data.totl.net/game/,,,"13 classes, 25 properties, 0 instances (2017)",1999,Games
ocd,Ontology of Italian Deputy Chamber,http://dati.camera.it/ocd/,http://dati.camera.it/ocd/reference_document/,,"13 classes, 25 properties, 0 instances (2017)",1999,Government
basic; basic,OWL representation of ISO 19103 (Basic types package),http://def.seegrid.csiro.au/isotc211/iso19103/2005/basic,,,"13 classes, 25 properties, 0 instances (2017)",1999,Methods
gm; gm,OWL representation of ISO 19107 (Geographic Information),http://def.seegrid.csiro.au/isotc211/iso19107/2003/geometry,,,"13 classes, 25 properties, 0 instances (2017)",1999,Geometry
h2o; h2o,Ontology for conversion of ISO/TC 211,http://def.seegrid.csiro.au/isotc211/iso19150/-2/2012/basic,,,"13 classes, 25 properties, 0 instances (2017)",1999,Methods
hydra,The Hydra Core Vocabulary,http://www.w3.org/ns/hydra/core,http://www.w3.org/ns/hydra/spec/latest/core/,,"13 classes, 25 properties, 0 instances (2017)",1999,RDF
tio,The Tickets Ontology,http://purl.org/tio/ns#,,,"13 classes, 25 properties, 0 instances (2017)",1999,eBusiness
gr,The GoodRelations Ontology for Semantic Web-based E-Commerce,http://purl.org/goodrelations/v1,http://purl.org/goodrelations/,,"13 classes, 25 properties, 0 instances (2017)",1999,eBusiness
skosxl,SKOS XL Vocabulary; SKOS eXtension for Labels,http://www.w3.org/2008/05/skos-xl,http://www.w3.org/TR/skos-reference/skos-xl.html,,"13 classes, 25 properties, 0 instances (2017)",1999,W3C Rec
vso,Vehicle Sales Ontology,http://purl.org/vso/ns,,,"13 classes, 25 properties, 0 instances (2017)",1999,eBusiness
xapi,xAPI Controlled Vocabulary Ontology,http://purl.org/xapi/ontology#,https://github.com/adlnet/xAPI-Spec/blob/1.0.3/xAPI.md,,"13 classes, 25 properties, 0 instances (2017)",1999,API
obsm,Observation Method Ontology,http://rdf.geospecies.org/methods/observationMethod.rdf,,,"13 classes, 25 properties, 0 instances (2017)",1999,Biology
juso,Juso Ontology,http://rdfs.co/juso/,,,"13 classes, 25 properties, 0 instances (2017)",1999,Geometry; Geography
ctxdesc; ctxdesc,Context Descriptor Pattern,http://www.demcare.eu/ontologies/contextdescriptor.owl,http://www.demcare.eu/ontologies/ctxdesc.html,,"13 classes, 25 properties, 0 instances (2017)",1999,Metadata
mvco,Media Value Chain Ontology,http://purl.oclc.org/NET/mvco.owl,http://dmag.ac.upc.edu/ontologies/mvco/,,"13 classes, 25 properties, 0 instances (2017)",1999,Multimedia
odapp,Open Data Applications Vocabulary,http://vocab.deri.ie/odapp,http://vocab.deri.ie/odapp.html,,"13 classes, 25 properties, 0 instances (2017)",1999,API
lib,Library extension of schema.org,http://purl.org/library/,,,"13 classes, 25 properties, 0 instances (2017)",1999,Catalogs
rdaw,RDA Work properties,http://rdaregistry.info/Elements/w,https://github.com/RDARegistry/RDA-Vocabularies/blob/master/ttl/Elements/w.ttl,,"13 classes, 25 properties, 0 instances (2017)",1999,FRBR
provoc,Product Vocabulary,http://ns.inria.fr/provoc,,,"13 classes, 25 properties, 0 instances (2017)",1999,eBusiness
odrl,The Open Digital Rights Language (ODRL) Ontology,http://www.w3.org/ns/odrl/2/,,,"13 classes, 25 properties, 0 instances (2017)",1999,Metadata
op; op,Observable properties,http://environment.data.gov.au/def/op,,,"13 classes, 25 properties, 0 instances (2017)",1999,Methods
qudt,"Quantities, Units, Dimensions and Types",http://qudt.org/schema/qudt,http://www.linkedmodel.org/doc/qudt/1.1/index.html,,"13 classes, 25 properties, 0 instances (2017)",1999,Methods
vann,VANN: A vocabulary for annotating vocabulary descriptions,http://purl.org/vocab/vann/,,,"13 classes, 25 properties, 0 instances (2017)",1999,Metadata
voaf,Vocabulary of a Friend,http://purl.org/vocommons/voaf,http://purl.org/vocommons/voaf/index.html,,"13 classes, 25 properties, 0 instances (2017)",1999,Metadata
ngeo,NeoGeo Geometry Ontology,http://geovocab.org/geometry,http://geovocab.org/geometry.html,,"13 classes, 25 properties, 0 instances (2017)",1999,Geometry
spatial,NeoGeo Spatial Ontology,http://geovocab.org/spatial,http://geovocab.org/doc/neogeo/,,"13 classes, 25 properties, 0 instances (2017)",1999,Geometry
dso,Data Structure Ontology,http://inference-web.org/2.0/ds.owl,,,"13 classes, 25 properties, 0 instances (2017)",1999,General & Upper
msm,Minimal Service Model,http://iserve.kmi.open.ac.uk/ns/msm,,,"13 classes, 25 properties, 0 instances (2017)",1999,API
lemon,LExicon Model for ONtologies,http://lemon-model.net/lemon,http://www.lemon-model.net/,,"13 classes, 25 properties, 0 instances (2017)",1999,Vocabularies
lvont,Lexvo.org Ontology,http://lexvo.org/ontology,http://www.lexvo.org/,,"13 classes, 25 properties, 0 instances (2017)",1999,Vocabularies
lode,LODE: An ontology for Linking Open Descriptions of Events; Linking Open Descriptions of Events,http://linkedevents.org/ontology/,,,"13 classes, 25 properties, 0 instances (2017)",1999,Events
teach,Teaching Core Vocabulary Specification; Teaching Core Vocabulary namespace,http://linkedscience.org/teach/ns#,,,"13 classes, 25 properties, 0 instances (2017)",1999,Academy
txn,TaxonConcept Ontology,http://lod.taxonconcept.org/ontology/txn.owl,,,"13 classes, 25 properties, 0 instances (2017)",1999,Biology
bibo,The Bibliographic Ontology,http://purl.org/ontology/bibo/,,,"13 classes, 25 properties, 0 instances (2017)",1999,Catalogs
void,Vocabulary of Interlinked Datasets,http://vocab.deri.ie/void,http://vocab.deri.ie/void.html,,"13 classes, 25 properties, 0 instances (2017)",1999,Metadata
oad,Ontology for archival description,http://lod.xdams.org/reload/oad,,,"13 classes, 25 properties, 0 instances (2017)",1999,Catalogs
loted,LOTED ontology,http://loted.eu/ontology,http://loted.eu/,,"13 classes, 25 properties, 0 instances (2017)",1999,Contracts
opus,SwetoDblp Ontology of Computer Science Publications,http://lsdis.cs.uga.edu/projects/semdis/opus#,http://knoesis.wright.edu/library/ontologies/swetodblp/,,"13 classes, 25 properties, 0 instances (2017)",1999,Catalogs
rdarel2,RDA Relationships GR2,http://metadataregistry.org/uri/schema/RDARelationshipsGR2,,,"13 classes, 25 properties, 0 instances (2017)",1999,People
moat,Meaning of a Tag Ontology,http://moat-project.org/ns#,,,"13 classes, 25 properties, 0 instances (2017)",1999,Tag
smg,CERISE CIM Profile for Smart Grids,http://ns.cerise-project.nl/energy/def/cim-smartgrid,,,"13 classes, 25 properties, 0 instances (2017)",1999,Industry
npg,Nature.com Core Ontology,http://ns.nature.com/terms/,http://www.nature.com/ontologies/,,"13 classes, 25 properties, 0 instances (2017)",1999,Press
og,Open Graph Protocol Vocabulary,http://ogp.me/ns,http://ogp.me/,,"13 classes, 25 properties, 0 instances (2017)",1999,API
oslc,OSLC Core Vocabulary,http://open-services.net/ns/core#,http://open-services.net/bin/view/Main/OslcCoreSpecification,,"13 classes, 25 properties, 0 instances (2017)",1999,PLM
rdfs,The RDF Schema vocabulary,http://www.w3.org/2000/01/rdf-schema#,http://www.w3.org/TR/rdf-schema/,,"13 classes, 25 properties, 0 instances (2017)",1999,W3C Rec
ov,OpenVocab,http://open.vocab.org/terms,,,"13 classes, 25 properties, 0 instances (2017)",1999,General & Upper
rel,Relationship,http://purl.org/vocab/relationship/,http://vocab.org/relationship/.html,,"13 classes, 25 properties, 0 instances (2017)",1999,People
acrt; acrt,An Agent Certification Ontology; Agent Certification Ontology,http://privatealpha.com/ontology/certification/1#,,,"13 classes, 25 properties, 0 instances (2017)",1999,Quality
aws,Ontology for Meteorological sensors,http://purl.oclc.org/NET/ssnx/meteo/aws,,,"13 classes, 25 properties, 0 instances (2017)",1999,Environment; Methods; IoT
qu,Quantity Kinds and Units,http://purl.oclc.org/NET/ssnx/qu/qu,,,"13 classes, 25 properties, 0 instances (2017)",1999,Methods
cfp,Climate and Forecast (CF) standard names parameter vocabulary,http://purl.oclc.org/NET/ssnx/cf/cf-property,,,"13 classes, 25 properties, 0 instances (2017)",1999,Environment; IoT
cff,Climate and Forecast (CF) features,http://purl.oclc.org/NET/ssnx/cf/cf-feature,,,"13 classes, 25 properties, 0 instances (2017)",1999,Environment
limoo,License Model Ontology,http://purl.org/LiMo/0.1#,,,"13 classes, 25 properties, 0 instances (2017)",1999,Metadata
biol,Biological Taxonomy Vocabulary 0.2 (Core),http://purl.org/NET/biol/ns#,,,"13 classes, 25 properties, 0 instances (2017)",1999,Biology
event,The Event Ontology,http://purl.org/NET/c4dm/event.owl,http://motools.sourceforge.net/event/event.html,,"13 classes, 25 properties, 0 instances (2017)",1999,Events
time,Time Ontology,http://www.w3.org/2006/time,http://www.w3.org/TR/owl-time,,"13 classes, 25 properties, 0 instances (2017)",1999,Time
keys,Keys Ontology,http://purl.org/NET/c4dm/keys.owl,,,"13 classes, 25 properties, 0 instances (2017)",1999,Music
tl,The Timeline Ontology,http://purl.org/NET/c4dm/timeline.owl,http://motools.sourceforge.net/timeline/timeline.html,,"13 classes, 25 properties, 0 instances (2017)",1999,Time
te,Time Entry,http://www.w3.org/2006/time-entry,,,"13 classes, 25 properties, 0 instances (2017)",1999,Time
arch,Archival collections ontology,http://purl.org/archival/vocab/arch,http://gslis.simmons.edu/archival/arch/index.html,,"13 classes, 25 properties, 0 instances (2017)",1999,Catalogs
taxon,TaxonMap Ontology,http://purl.org/biodiversity/taxon/,,,"13 classes, 25 properties, 0 instances (2017)",1999,Biology
frapo,"Funding, Research Administration and Projects Ontology",http://purl.org/cerif/frapo/,,,"13 classes, 25 properties, 0 instances (2017)",1999,Academy
emp,A vocabulary for jobs,http://purl.org/ctic/empleo/oferta,,,"13 classes, 25 properties, 0 instances (2017)",1999,Society
loc,Location Vocabulary,http://purl.org/ctic/infraestructuras/localizacion,,,"13 classes, 25 properties, 0 instances (2017)",1999,Geography
elec,Vocabulary for Vote Results,http://purl.org/ctic/sector-publico/elecciones,,,"13 classes, 25 properties, 0 instances (2017)",1999,Government
dctype,DCMI Type Vocabulary,http://purl.org/dc/dcmitype/,http://dublincore.org/documents/dcmi-type-vocabulary,,"13 classes, 25 properties, 0 instances (2017)",1999,General & Upper
daq,Dataset Quality Vocabulary,http://purl.org/eis/vocab/daq#,http://butterbur04.iai.uni-bonn.de/ontologies/daq/daq#,,"13 classes, 25 properties, 0 instances (2017)",1999,Quality
essglobal,ESSGlobal Vocabulary,http://purl.org/essglobal/vocab/,,,"13 classes, 25 properties, 0 instances (2017)",1999,Society
api,Linked Data API Vocabulary,http://purl.org/linked-data/api/vocab#,,,"13 classes, 25 properties, 0 instances (2017)",1999,RDF
sdmx,SDMX-RDF vocabulary,http://purl.org/linked-data/sdmx,http://publishing-statistical-data.googlecode.com/svn/trunk/specs/src/main/html/index.html,,"13 classes, 25 properties, 0 instances (2017)",1999,Methods
sdmx-code,SDMX Code,http://purl.org/linked-data/sdmx/2009/code,https://code.google.com/p/publishing-statistical-data/,,"13 classes, 25 properties, 0 instances (2017)",1999,Methods
sdmx-dimension,SDMX Dimension,http://purl.org/linked-data/sdmx/2009/dimension,,,"13 classes, 25 properties, 0 instances (2017)",1999,Methods
lyou,Linking-you vocabulary,http://purl.org/linkingyou/,,,"13 classes, 25 properties, 0 instances (2017)",1999,Multimedia
bibtex,BibTeX ontology,http://purl.org/net/nknouf/ns/bibtex,,,"13 classes, 25 properties, 0 instances (2017)",1999,Catalogs
ex,Example vocabulary,http://purl.org/net/ns/ex,,,"13 classes, 25 properties, 0 instances (2017)",1999,Metadata
ont,Ontology annotation DLiser vocabulary,http://purl.org/net/ns/ontology-annot,,,"13 classes, 25 properties, 0 instances (2017)",1999,Metadata
p-plan,The P-Plan ontology; The P-PLAN Ontology,http://purl.org/net/p-plan#,http://www.opmw.org/model/p-plan/,,"13 classes, 25 properties, 0 instances (2017)",1999,Methods
prov,W3C PROVenance Interchange,http://www.w3.org/ns/prov#,http://www.w3.org/TR/prov-o/,,"13 classes, 25 properties, 0 instances (2017)",1999,W3C Rec
prv,Provenance Vocabulary Core Ontology namespace; Provenance Vocabulary Core Ontology,http://purl.org/net/provenance/ns#,,,"13 classes, 25 properties, 0 instances (2017)",1999,Quality
wf-invoc,The Workflow Invocation Ontology; Workflow Invocation Ontology,http://purl.org/net/wf-invocation,http://www.opmw.org/model/wf-invocation/,,"13 classes, 25 properties, 0 instances (2017)",1999,Methods
af,Audio Features Ontology,http://purl.org/ontology/af/,http://motools.sourceforge.net/doc/audio_features.html,,"13 classes, 25 properties, 0 instances (2017)",1999,Music
chord,The OMRAS2 Chord Ontology,http://purl.org/ontology/chord/,,,"13 classes, 25 properties, 0 instances (2017)",1999,Music
co,Counter Ontology,http://purl.org/ontology/co/core#,,,"13 classes, 25 properties, 0 instances (2017)",1999,Methods
vs,SemWeb Vocab Status ontology,http://www.w3.org/2003/06/sw-vocab-status/ns,,,"13 classes, 25 properties, 0 instances (2017)",1999,Metadata
dvia,The visualization vocabulary for LOD applications,http://purl.org/ontology/dvia,http://data.eurecom.fr/ontology/dvia/,,"13 classes, 25 properties, 0 instances (2017)",1999,API
po,Programmes ontology,http://purl.org/ontology/po/,http://www.bbc.co.uk/ontologies/programmes/2009-09-07.shtml,,"13 classes, 25 properties, 0 instances (2017)",1999,Multimedia
bbcprov,BBC Provenance Ontology,http://www.bbc.co.uk/ontologies/provenance,,,"13 classes, 25 properties, 0 instances (2017)",1999,Quality
stories,Stories Ontology,http://purl.org/ontology/stories/,http://www.contextus.net/stories,,"13 classes, 25 properties, 0 instances (2017)",1999,Events
nsl,A News Storyline Ontology,http://purl.org/ontology/storyline,http://www.bbc.co.uk/ontologies/storyline/2013-05-01.html,,"13 classes, 25 properties, 0 instances (2017)",1999,Press
wlo,BBC Wildlife Ontology,http://purl.org/ontology/wo/,http://www.bbc.co.uk/ontologies/wildlife/2010-11-04.shtml,,"13 classes, 25 properties, 0 instances (2017)",1999,Biology
oo,Open Organisations,http://purl.org/openorg/,http://neologism.ecs.soton.ac.uk/oo,,"13 classes, 25 properties, 0 instances (2017)",1999,Society
pc,Public Contracts Ontology,http://purl.org/procurement/public-contracts,,,"13 classes, 25 properties, 0 instances (2017)",1999,Contracts
rss,Vocabulary for Rich Site Summary (RSS) 1.0,http://purl.org/rss/1.0,http://web.resource.org/rss/1.0/,,"13 classes, 25 properties, 0 instances (2017)",1999,API
saws,Sharing Ancient Wisdoms Ontology,http://purl.org/saws/ontology,http://www.ancientwisdoms.ac.uk/media/ontology/,,"13 classes, 25 properties, 0 instances (2017)",1999,Catalogs
c4o,"C4O, the Citation Counting and Context Characterization Ontology",http://purl.org/spar/c4o,,,"13 classes, 25 properties, 0 instances (2017)",1999,SPAR
biro,The Bibliographic Reference Ontology,http://purl.org/spar/biro,,,"13 classes, 25 properties, 0 instances (2017)",1999,SPAR
pro,The Publishing Roles Ontology,http://purl.org/spar/pro,,,"13 classes, 25 properties, 0 instances (2017)",1999,SPAR
tvc,The Time-indexed Value in Context,http://www.essepuntato.it/2012/04/tvc,,,"13 classes, 25 properties, 0 instances (2017)",1999,Time
rev,Review Vocabulary,http://purl.org/stuff/rev#,,,"13 classes, 25 properties, 0 instances (2017)",1999,Rec
swc,Semantic Web Conference Ontology,http://data.semanticweb.org/ns/swc/ontology,http://data.semanticweb.org/ns/swc/swc_2009-05-09.html,,"13 classes, 25 properties, 0 instances (2017)",1999,Society; Academy
dul,DOLCE+DnS Ultralite,http://www.ontologydesignpatterns.org/ont/dul/DUL.owl,http://ontologydesignpatterns.org/wiki/Ontology:DOLCE+DnS_Ultralite,,"13 classes, 25 properties, 0 instances (2017)",1999,General & Upper
om; om,ISO 19156 Observation Model,http://def.seegrid.csiro.au/isotc211/iso19156/2011/observation,,,"13 classes, 25 properties, 0 instances (2017)",1999,Geography
md; md,OWL representation of ISO 19115,http://def.seegrid.csiro.au/isotc211/iso19115/2003/metadata,,,"13 classes, 25 properties, 0 instances (2017)",1999,Geography
tm; tm,A vocabulary for temporal objects in Geographic Information,http://def.seegrid.csiro.au/isotc211/iso19108/2002/temporal,,,"13 classes, 25 properties, 0 instances (2017)",1999,Time
gf; gf,OWL representation of ISO 19109 (General Feature Model),http://def.seegrid.csiro.au/isotc211/iso19109/2005/feature,,,"13 classes, 25 properties, 0 instances (2017)",1999,Geography
interval,Intervals Ontology,http://reference.data.gov.uk/def/intervals,,,"13 classes, 25 properties, 0 instances (2017)",1999,Time
dcam,Metadata terms related to the DCMI Abstract Model; DCMI Abstract Model,http://purl.org/dc/dcam/,http://dublincore.org/documents/abstract-model/,,"13 classes, 25 properties, 0 instances (2017)",1999,General & Upper
vaem,Vocabulary for Attaching Essential Metadata,http://www.linkedmodel.org/schema/vaem,http://linkedmodel.org/doc/vaem/1.2/,,"13 classes, 25 properties, 0 instances (2017)",1999,Metadata
dtype,Datatype Ontology,http://www.linkedmodel.org/schema/dtype,,,"13 classes, 25 properties, 0 instances (2017)",1999,RDF
am,OSLC Asset Management Vocabulary,http://open-services.net/ns/asset#,http://open-services.net/wiki/asset-management/OSLC-Asset-Management-2.0-Specification/,,"13 classes, 25 properties, 0 instances (2017)",1999,PLM
fea,Federal Enterprise Architecture Vocabulary,http://vocab.data.gov/def/fea,,,"13 classes, 25 properties, 0 instances (2017)",1999,Government
cdm,Conceptual Depth and Momentum,http://purl.org/twc/ontology/cdm.owl#,,,"13 classes, 25 properties, 0 instances (2017)",1999,RDF
dcite,The DataCite Ontology,http://purl.org/spar/datacite,,,"13 classes, 25 properties, 0 instances (2017)",1999,SPAR
sql,SQL Abstract Syntax Trees Vocabulary,http://ns.inria.fr/ast/sql#,,,"13 classes, 25 properties, 0 instances (2017)",1999,API
sp,SPIN SPARQL Syntax,http://spinrdf.org/sp,,,"13 classes, 25 properties, 0 instances (2017)",1999,RDF
incident,Vocabulary to describe incident response by emergency services,http://vocab.resc.info/incident,http://vocab.resc.info/incident.html,,"13 classes, 25 properties, 0 instances (2017)",1999,Methods
eclap,"ECLAP, Performing Arts Vocabulary",http://www.eclap.eu/schema/eclap/,,,"13 classes, 25 properties, 0 instances (2017)",1999,Multimedia
oa,Open Annotation Data Model,http://www.w3.org/ns/oa#,,,"13 classes, 25 properties, 0 instances (2017)",1999,Quality
coll,Collections Ontology,http://purl.org/co,http://code.google.com/p/collections-ontology/,,"13 classes, 25 properties, 0 instances (2017)",1999,Support
wo,Weighting Ontology,http://purl.org/ontology/wo/core#,,,"13 classes, 25 properties, 0 instances (2017)",1999,Methods
pnt,SNaP Tag Ontology; Press.net Tag Ontology,http://data.press.net/ontology/tag/,,,"13 classes, 25 properties, 0 instances (2017)",1999,Tag
dr,Discourse relationships vocabulary,http://purl.org/swan/2.0/discourse-relationships/,,,"13 classes, 25 properties, 0 instances (2017)",1999,Support
rec,Recommendation Ontology,http://purl.org/ontology/rec/core#,,,"13 classes, 25 properties, 0 instances (2017)",1999,Rec
olo,Ordered List Ontology,http://purl.org/ontology/olo/core#,http://smiy.sourceforge.net/olo/spec/orderedlistontology.html,,"13 classes, 25 properties, 0 instances (2017)",1999,Support
sim,The Similarity Ontology,http://purl.org/ontology/similarity/,,,"13 classes, 25 properties, 0 instances (2017)",1999,Support
pna,SNaP Asset Ontology; Press.net Asset Ontology,http://data.press.net/ontology/asset/,,,"13 classes, 25 properties, 0 instances (2017)",1999,Press
st,The Stop Times ontology,http://semweb.mmlab.be/ns/stoptimes#Ontology,,,"13 classes, 25 properties, 0 instances (2017)",1999,Society; Travel
oecc,Extended Creative Commons Ontology,http://www.oegov.org/core/owl/cc,,,"13 classes, 25 properties, 0 instances (2017)",1999,Metadata
zbwext,ZBW Extensions,http://zbw.eu/namespaces/zbw-extensions,,,"13 classes, 25 properties, 0 instances (2017)",1999,Vocabularies
odpart,Ontology Design Pattern Participation,http://www.ontologydesignpatterns.org/cp/owl/participation.owl,,,"13 classes, 25 properties, 0 instances (2017)",1999,Support
cpa,Content Pattern Annotations,http://www.ontologydesignpatterns.org/schemas/cpannotationschema.owl,,,"13 classes, 25 properties, 0 instances (2017)",1999,Metadata
oan,Ontology of the French National Assembly,http://data.lirmm.fr/ontologies/oan,http://data.lirmm.fr/ontologies/oan.html,,"13 classes, 25 properties, 0 instances (2017)",1999,Government
uby,ubyCat.owl,http://purl.org/olia/ubyCat.owl,https://www.ukp.tu-darmstadt.de/data/lexical-resources/uby,,"13 classes, 25 properties, 0 instances (2017)",1999,Tag; Support
uneskos,UNESKOS Vocabulary,http://purl.org/umu/uneskos,,,"13 classes, 25 properties, 0 instances (2017)",1999,RDF
iso-thes,ISO 25964 SKOS extension,http://purl.org/iso25964/skos-thes,,,"13 classes, 25 properties, 0 instances (2017)",1999,Vocabularies
mads,Metadata Authority Description Schema,http://www.loc.gov/mads/rdf/v1,http://www.loc.gov/standards/mads/rdf/,,"13 classes, 25 properties, 0 instances (2017)",1999,Metadata
vra,RDFS Ontology for VRA,http://simile.mit.edu/2003/10/ontologies/vraCore3#,,,"13 classes, 25 properties, 0 instances (2017)",1999,Image
mtlo,MarineTLO Ontology,http://www.ics.forth.gr/isl/MarineTLO/v4/marinetlo.owl,http://www.ics.forth.gr/isl/MarineTLO/,,"13 classes, 25 properties, 0 instances (2017)",1999,Biology
rdau,RDA Unconstrained properties,http://rdaregistry.info/Elements/u,,,"13 classes, 25 properties, 0 instances (2017)",1999,FRBR
acco,Accomodation Ontology,http://purl.org/acco/ns,,,"13 classes, 25 properties, 0 instances (2017)",1999,eBusiness
log,SWAP Logic Ontology,http://www.w3.org/2000/10/swap/log,http://www.w3.org/2000/10/swap/doc/CwmBuiltins,,"13 classes, 25 properties, 0 instances (2017)",1999,RDF
opmo,The OPM OWL Ontology; Open Provenance Model,http://openprovenance.org/model/opmo,,,"13 classes, 25 properties, 0 instances (2017)",1999,Quality
gml,OGC Geometry,http://www.opengis.net/ont/gml,,,"13 classes, 25 properties, 0 instances (2017)",1999,Geometry
sf,Simplified Features Geometry,http://www.opengis.net/ont/sf,,,"13 classes, 25 properties, 0 instances (2017)",1999,Geometry
raul,RAUL Vocabulary,http://vocab.deri.ie/raul,http://vocab.deri.ie/raul.html,,"13 classes, 25 properties, 0 instances (2017)",1999,API
seq,Sequence Pattern,http://www.ontologydesignpatterns.org/cp/owl/sequence.owl,,,"13 classes, 25 properties, 0 instances (2017)",1999,Support
ptop,"PROTON (Proto Ontology), Top Module",http://www.ontotext.com/proton/protontop,http://www.ontotext.com/proton-ontology,,"13 classes, 25 properties, 0 instances (2017)",1999,PROTON
rlog,RLOG - an RDF Logging Ontology; RDF Logging Ontology,http://persistence.uni-leipzig.org/nlp2rdf/ontologies/rlog#,,,"13 classes, 25 properties, 0 instances (2017)",1999,API
csvw,CSVW Namespace Vocabulary Terms; CSV on the Web Vocabulary,http://www.w3.org/ns/csvw#,,,"13 classes, 25 properties, 0 instances (2017)",1999,Vocabularies; W3C Rec
pni,SNaP Identifier Ontology,http://data.press.net/ontology/identifier/,http://data.press.net/ontology/,,"13 classes, 25 properties, 0 instances (2017)",1999,Support
lmm2,Lexical MetaModel Level 2,http://www.ontologydesignpatterns.org/ont/lmm/LMM_L2.owl,,,"13 classes, 25 properties, 0 instances (2017)",1999,Vocabularies
lmm1,Lexical MetaModel Level 1,http://www.ontologydesignpatterns.org/ont/lmm/LMM_L1.owl,,,"13 classes, 25 properties, 0 instances (2017)",1999,Vocabularies
ssso,Simple Service Status Ontology,http://purl.org/ontology/ssso,https://github.com/gbv/ssso/,,"13 classes, 25 properties, 0 instances (2017)",1999,Services
rdafrbr,FRBR Entities for RDA,http://rdvocab.info/uri/schema/FRBRentitiesRDA,,,"13 classes, 25 properties, 0 instances (2017)",1999,FRBR
rdag3,RDA Group 3 Elements,http://rdvocab.info/ElementsGr3,,,"13 classes, 25 properties, 0 instances (2017)",1999,Metadata
rdac,RDA Classes,http://rdaregistry.info/Elements/c,https://github.com/RDARegistry/RDA-Vocabularies/blob/master/ttl/Elements/c.ttl,,"13 classes, 25 properties, 0 instances (2017)",1999,FRBR
rdarel,"RDA Relationships for Works, Expressions, Manifestations, Items",http://rdvocab.info/RDARelationshipsWEMI,,,"13 classes, 25 properties, 0 instances (2017)",1999,Metadata
elseweb-edac; elseweb-lifemapper; edac,ELSEWeb EDAC Ontology,http://ontology.cybershare.utep.edu/ELSEWeb/elseweb-edac.owl,http://elseweb.cybershare.utep.edu/ontologies,,"13 classes, 25 properties, 0 instances (2017)",1999,Support; Catalogs
elseweb-data; lsweb,ELSEWeb Data Ontology,http://ontology.cybershare.utep.edu/ELSEWeb/elseweb-data.owl,http://elseweb.cybershare.utep.edu/ontologies,,"13 classes, 25 properties, 0 instances (2017)",1999,Metadata
lswpm,ELSEWeb Lifemapper Parameters Ontology,http://ontology.cybershare.utep.edu/ELSEWeb/elseweb-lifemapper-parameters.owl,http://elseweb.cybershare.utep.edu/ontologies,,"13 classes, 25 properties, 0 instances (2017)",1999,Support
sio; sio,Semanticscience Integrated Ontology (SIO); Semanticscience Integrated Ontology,http://semanticscience.org/ontology/sio.owl,http://semanticscience.org,,"13 classes, 25 properties, 0 instances (2017)",1999,Biology
dcat,Data Catalog Vocabulary,http://www.w3.org/ns/dcat,http://www.w3.org/TR/vocab-dcat/,,"13 classes, 25 properties, 0 instances (2017)",1999,W3C Rec
jup,Ontology of Building Accessibility,http://w3id.org/charta77/jup,,,"13 classes, 25 properties, 0 instances (2017)",1999,Society
fabio; fabio,FRBR-aligned Bibliographic Ontology,http://purl.org/spar/fabio/,,,"13 classes, 25 properties, 0 instances (2017)",1999,SPAR
pso,The Publishing Status Ontology,http://purl.org/spar/pso,,,"13 classes, 25 properties, 0 instances (2017)",1999,SPAR
scoro,Scholarly Contributions and Roles Ontology,http://purl.org/spar/scoro/,,,"13 classes, 25 properties, 0 instances (2017)",1999,Academy
theatre,Theatre Ontology,http://purl.org/theatre#,,,"13 classes, 25 properties, 0 instances (2017)",1999,Events
cmo,Conceptual Model Ontology,http://purl.org/twc/ontologies/cmo.owl,,,"13 classes, 25 properties, 0 instances (2017)",1999,General & Upper
bio,BIO: A vocabulary for biographical information,http://purl.org/vocab/bio/0.1/,http://vocab.org/bio/0.1/.html,,"13 classes, 25 properties, 0 instances (2017)",1999,People
cs,Changeset,http://purl.org/vocab/changeset/schema,,,"13 classes, 25 properties, 0 instances (2017)",1999,Quality
frbre,Extended FRBR,http://purl.org/vocab/frbr/extended,,,"13 classes, 25 properties, 0 instances (2017)",1999,FRBR
lifecycle; lcy,Lifecycle Schema,http://purl.org/vocab/lifecycle/schema,,,"13 classes, 25 properties, 0 instances (2017)",1999,PLM
part,Participation Schema,http://purl.org/vocab/participation/schema,,,"13 classes, 25 properties, 0 instances (2017)",1999,Society
uniprot,Uniprot Core Ontology,http://purl.uniprot.org/core/,,,"13 classes, 25 properties, 0 instances (2017)",1999,Biology
disco,DDI-RDF Discovery Vocabulary,http://rdf-vocabulary.ddialliance.org/discovery,http://rdf-vocabulary.ddialliance.org/discovery.html,,"13 classes, 25 properties, 0 instances (2017)",1999,Methods
phdd,Physical Data Description,http://rdf-vocabulary.ddialliance.org/phdd,http://www.ddialliance.org/Specification/RDF/PHDD,,"13 classes, 25 properties, 0 instances (2017)",1999,CSV
xkos,XKOS,http://rdf-vocabulary.ddialliance.org/xkos,,,"13 classes, 25 properties, 0 instances (2017)",1999,Vocabularies
geosp,GeoSpecies Ontology,http://rdf.geospecies.org/ont/geospecies,,,"13 classes, 25 properties, 0 instances (2017)",1999,Environment
idemo,Demographic ontology from the French Statistics Institute,http://rdf.insee.fr/def/demo,,,"13 classes, 25 properties, 0 instances (2017)",1999,Methods
aos,Appearances Ontology Specification,http://rdf.muninn-project.org/ontologies/appearances,,,"13 classes, 25 properties, 0 instances (2017)",1999,People
scot,Social Semantic Cloud of Tags,http://rdfs.org/scot/ns#,http://scot-project.net/scot/spec/scot.html,,"13 classes, 25 properties, 0 instances (2017)",1999,Tag
tsioc,SIOC Types Ontology Module Namespace; SIOC Types Ontology Module,http://rdfs.org/sioc/types#,http://rdfs.org/sioc/spec/#sec-modules,,"13 classes, 25 properties, 0 instances (2017)",1999,Society
sioc,SIOC Core Ontology Namespace; Semantically-Interlinked Online Communities,http://rdfs.org/sioc/ns#,http://rdfs.org/sioc/spec/,,"13 classes, 25 properties, 0 instances (2017)",1999,Society
rut; ruto,Test-Driven Data Debugging Ontology,http://rdfunit.aksw.org/ns/core#,http://aksw.org/Projects/RDFUnit.html,,"13 classes, 25 properties, 0 instances (2017)",1999,Quality
cgov,Central Government Ontology,http://reference.data.gov.uk/def/central-government,,,"13 classes, 25 properties, 0 instances (2017)",1999,Government
org,Core organization ontology,http://www.w3.org/ns/org#,http://www.w3.org/TR/vocab-org/,,"13 classes, 25 properties, 0 instances (2017)",1999,W3C Rec
opmv,Open Provenance Model Vocabulary Core namespace; Open Provenance Model Vocabulary,http://purl.org/net/opmv/ns#,,,"13 classes, 25 properties, 0 instances (2017)",1999,Quality
odv,Organogram Data Vocabulary,http://reference.data.gov.uk/def/organogram,,,"13 classes, 25 properties, 0 instances (2017)",1999,Methods
pay,Payments ontology,http://reference.data.gov.uk/def/payment#,http://data.gov.uk/resources/payments,,"13 classes, 25 properties, 0 instances (2017)",1999,Contracts
thors; thors,The Temporal Ordinal Reference Systems,http://resource.geosciml.org/ontology/timescale/thors,,,"13 classes, 25 properties, 0 instances (2017)",1999,Time
sao,SALT Annotation Ontology,http://salt.semanticauthoring.org/ontologies/sao,,,"13 classes, 25 properties, 0 instances (2017)",1999,Metadata
sdo,SALT Document Ontology,http://salt.semanticauthoring.org/ontologies/sdo,,,"13 classes, 25 properties, 0 instances (2017)",1999,Catalogs
sro,SALT Rhetorical Ontology,http://salt.semanticauthoring.org/ontologies/sro,,,"13 classes, 25 properties, 0 instances (2017)",1999,Metadata
maso,Mobile Agents Security,http://securitytoolbox.appspot.com/MASO,,,"13 classes, 25 properties, 0 instances (2017)",1999,Security
security,Security Ontology,http://securitytoolbox.appspot.com/securityMain,,,"13 classes, 25 properties, 0 instances (2017)",1999,Security
stac,Security Toolbox : Attacks and Countermeasures,http://securitytoolbox.appspot.com/stac,http://securitytoolbox.appspot.com/,,"13 classes, 25 properties, 0 instances (2017)",1999,Security
sem,The SEM Ontology,http://semanticweb.cs.vu.nl/2009/11/sem/,,,"13 classes, 25 properties, 0 instances (2017)",1999,Events
apps4X,The vocabulary for Co-creation Events based on Open Data,http://semweb.mmlab.be/ns/apps4X,,,"13 classes, 25 properties, 0 instances (2017)",1999,RDF
odapps,The vocabulary for (L)OD ideas and applications,http://semweb.mmlab.be/ns/odapps,,,"13 classes, 25 properties, 0 instances (2017)",1999,RDF
homeActivity; ha,Home Activity,http://sensormeasurement.appspot.com/ont/home/homeActivity#,,,"13 classes, 25 properties, 0 instances (2017)",1999,Environment
spcm,Software Process Control Model,http://spi-fm.uca.es/spdef/models/deployment/spcm/1.0,http://spi-fm.uca.es/spdef/models/deployment/spcm/1.0.html,,"13 classes, 25 properties, 0 instances (2017)",1999,PLM
swpm,Software Work Product Model,http://spi-fm.uca.es/spdef/models/deployment/swpm/1.0,,,"13 classes, 25 properties, 0 instances (2017)",1999,PLM
vmm,Visual Modeling tool Model,http://spi-fm.uca.es/spdef/models/genericTools/vmm/1.0,,,"13 classes, 25 properties, 0 instances (2017)",1999,PLM
wikim,WIKI tool Model,http://spi-fm.uca.es/spdef/models/genericTools/wikim/1.0,,,"13 classes, 25 properties, 0 instances (2017)",1999,PLM
swpo,Semantic Web Portal Ontology,http://sw-portal.deri.org/ontologies/swportal,,,"13 classes, 25 properties, 0 instances (2017)",1999,Society
swrc,Semantic Web for Research Communities,http://swrc.ontoware.org/ontology-07,http://ontoware.org/swrc,,"13 classes, 25 properties, 0 instances (2017)",1999,Academy
uri4uri,URI Vocabulary,http://uri4uri.net/vocab,,,"13 classes, 25 properties, 0 instances (2017)",1999,API
doap,Description of a Project vocabulary,http://usefulinc.com/ns/doap#,https://github.com/edumbill/doap/wiki,,"13 classes, 25 properties, 0 instances (2017)",1999,Society
c4n,Call for Anything vocabulary,http://vocab.deri.ie/c4n,http://vocab.deri.ie/c4n.html,,"13 classes, 25 properties, 0 instances (2017)",1999,Contracts
cogs,COGS Vocabulary,http://vocab.deri.ie/cogs,http://vocab.deri.ie/cogs.html,,"13 classes, 25 properties, 0 instances (2017)",1999,RDF
tao,Trust Assertion Ontology,http://vocab.deri.ie/tao,http://vocab.deri.ie/tao.html,,"13 classes, 25 properties, 0 instances (2017)",1999,Quality
gvp,Getty Vocabulary Program ontology,http://vocab.getty.edu/ontology,,,"13 classes, 25 properties, 0 instances (2017)",1999,Vocabularies
whisky,Whisky Ontology,http://vocab.org/whisky/terms,,,"13 classes, 25 properties, 0 instances (2017)",1999,Food
comm,Vocabulary related to incident communication,http://vocab.resc.info/communication,http://vocab.resc.info/communication.html,,"13 classes, 25 properties, 0 instances (2017)",1999,Society
agls,AGLS Metadata Terms,http://www.agls.gov.au/agls/terms,http://www.agls.gov.au/documents/aglsterms/,,"13 classes, 25 properties, 0 instances (2017)",1999,Metadata
akts,AKT Support Ontology,http://www.aktors.org/ontology/support,,,"13 classes, 25 properties, 0 instances (2017)",1999,Support
bbc,BBC Ontology,http://www.bbc.co.uk/ontologies/bbc,,,"13 classes, 25 properties, 0 instances (2017)",1999,Press
cwork,Creative Work Ontology,http://www.bbc.co.uk/ontologies/creativework,,,"13 classes, 25 properties, 0 instances (2017)",1999,Catalogs
bbccms,BBC CMS Ontology,http://www.bbc.co.uk/ontologies/cms,,,"13 classes, 25 properties, 0 instances (2017)",1999,API
bbccore,BBC Core Concepts,http://www.bbc.co.uk/ontologies/coreconcepts,,,"13 classes, 25 properties, 0 instances (2017)",1999,General & Upper
sport,BBC Sport Ontology,http://www.bbc.co.uk/ontologies/sport,,,"13 classes, 25 properties, 0 instances (2017)",1999,Events
coun,ISO 3166 Country Codes,http://www.daml.org/2001/09/countries/iso-3166-ont,http://www.daml.org/ontologies/352,,"13 classes, 25 properties, 0 instances (2017)",1999,Geography
demlab,Dem@Care Lab Ontology for Dementia Assessment,http://www.demcare.eu/ontologies/demlab.owl,http://www.demcare.eu/ontologies/demlab.html,,"13 classes, 25 properties, 0 instances (2017)",1999,Health
ceo,Consumer Electronics Ontology,http://www.ebusiness-unibw.org/ontologies/consumerelectronics/v1,,,"13 classes, 25 properties, 0 instances (2017)",1999,Industry
identity,Ontology of digital identity.,http://www.identity.org/ontologies/identity.owl,,,"13 classes, 25 properties, 0 instances (2017)",1999,Security
tis,Time Indexed Situation,http://www.ontologydesignpatterns.org/cp/owl/timeindexedsituation.owl,,,"13 classes, 25 properties, 0 instances (2017)",1999,Events
citof,Functions of Citations,http://www.essepuntato.it/2013/03/cito-functions,,,"13 classes, 25 properties, 0 instances (2017)",1999,SPAR
vag,The Vagueness Ontology,http://www.essepuntato.it/2013/10/vagueness,,,"13 classes, 25 properties, 0 instances (2017)",1999,Support
situ,Situation Pattern,http://www.ontologydesignpatterns.org/cp/owl/situation.owl,,,"13 classes, 25 properties, 0 instances (2017)",1999,Events
edm,Europeana Data Model vocabulary,http://www.europeana.eu/schemas/edm/,,,"13 classes, 25 properties, 0 instances (2017)",1999,Catalogs
gn,The Geonames ontology,http://www.geonames.org/ontology,http://www.geonames.org/ontology/documentation.html,,"13 classes, 25 properties, 0 instances (2017)",1999,Geography
marl,Marl Ontology Specification,http://www.gsi.dit.upm.es/ontologies/marl/ns,http://www.gsi.dit.upm.es/ontologies/marl/,,"13 classes, 25 properties, 0 instances (2017)",1999,Support
tag,Tag ontology,http://www.holygoat.co.uk/owl/redwood/0.1/tags/,,,"13 classes, 25 properties, 0 instances (2017)",1999,Tag
music,Music Vocabulary,http://www.kanzaki.com/ns/music,,,"13 classes, 25 properties, 0 instances (2017)",1999,Events
whois,Who's who description vocabulary,http://www.kanzaki.com/ns/whois,,,"13 classes, 25 properties, 0 instances (2017)",1999,People
geof,Geo Features,http://www.mindswap.org/2003/owl/geo/geoFeatures20040307.owl,,,"13 classes, 25 properties, 0 instances (2017)",1999,Geography
infor,Information Realization,http://www.ontologydesignpatterns.org/cp/owl/informationrealization.owl,,,"13 classes, 25 properties, 0 instances (2017)",1999,Support
pext,PROTON Extent module,http://www.ontotext.com/proton/protonext,http://www.ontotext.com/proton-ontology,,"13 classes, 25 properties, 0 instances (2017)",1999,PROTON
ore,The OAI ORE terms vocabulary,http://www.openarchives.org/ore/terms/,http://www.openarchives.org/ore/vocabulary,,"13 classes, 25 properties, 0 instances (2017)",1999,Catalogs
ostop,Ordnance Survey Topography Ontology,http://www.ordnancesurvey.co.uk/ontology/Topography/v0.1/Topography.owl,,,"13 classes, 25 properties, 0 instances (2017)",1999,Geography
acm,ACM Classification Ontology,http://www.rkbexplorer.com/ontologies/acm,,,"13 classes, 25 properties, 0 instances (2017)",1999,Catalogs
nie,NEPOMUK Information Element Core Ontology,http://www.semanticdesktop.org/ontologies/2007/01/19/nie,http://www.semanticdesktop.org/ontologies/,,"13 classes, 25 properties, 0 instances (2017)",1999,SSDesk
nco,NEPOMUK Contact Ontology,http://www.semanticdesktop.org/ontologies/2007/03/22/nco,http://www.semanticdesktop.org/ontologies/,,"13 classes, 25 properties, 0 instances (2017)",1999,SSDesk
nfo,NEPOMUK File Ontology,http://www.semanticdesktop.org/ontologies/2007/03/22/nfo,http://www.semanticdesktop.org/ontologies,,"13 classes, 25 properties, 0 instances (2017)",1999,SSDesk
ncal,NEPOMUK Calendar Ontology,http://www.semanticdesktop.org/ontologies/2007/04/02/ncal,http://www.semanticdesktop.org/ontologies/2007/04/02/ncal/,,"13 classes, 25 properties, 0 instances (2017)",1999,Time
nao,NEPOMUK Annotation Ontology,http://www.semanticdesktop.org/ontologies/2007/08/15/nao,http://www.semanticdesktop.org/ontologies/,,"13 classes, 25 properties, 0 instances (2017)",1999,SSDesk
nrl,NEPOMUK Representational Language,http://www.semanticdesktop.org/ontologies/2007/08/15/nrl,http://www.semanticdesktop.org/ontologies/,,"13 classes, 25 properties, 0 instances (2017)",1999,SSDesk
ontosec,Ontology Security,http://www.semanticweb.org/ontologies/2008/11/OntologySecurity.owl,,,"13 classes, 25 properties, 0 instances (2017)",1999,Security
traffic,Road Traffic Management,http://www.sensormeasurement.appspot.com/ont/transport/traffic,http://here.com/traffic,,"13 classes, 25 properties, 0 instances (2017)",1999,Industry
ct,Connectivity types,http://www.tele.pw.edu.pl/~sims-onto/ConnectivityType.owl,http://www.tele.pw.edu.pl/~sims-onto/,,"13 classes, 25 properties, 0 instances (2017)",1999,Security
msr,Measurement Ontology,http://www.telegraphis.net/ontology/measurement/measurement#,,,"13 classes, 25 properties, 0 instances (2017)",1999,Methods
xhv,XHTML Vocabulary,http://www.w3.org/1999/xhtml/vocab,,,"13 classes, 25 properties, 0 instances (2017)",1999,API
doc,"Works, licences, derivatives and dependencies",http://www.w3.org/2000/10/swap/pim/doc,,,"13 classes, 25 properties, 0 instances (2017)",1999,Catalogs
tmo,Translational Medicine Ontology,http://www.w3.org/2001/sw/hcls/ns/transmed/,,,"13 classes, 25 properties, 0 instances (2017)",1999,Health
geo,WGS84 Geo Positioning,http://www.w3.org/2003/01/geo/wgs84_pos,http://www.w3.org/2003/01/geo/,,"13 classes, 25 properties, 0 instances (2017)",1999,Geography
swrl,Semantic Web Rule Language,http://www.w3.org/2003/11/swrl,,,"13 classes, 25 properties, 0 instances (2017)",1999,Vocabularies
exif,Exif data description vocabulary,http://www.w3.org/2003/12/exif/ns,http://www.w3.org/2003/12/exif/,,"13 classes, 25 properties, 0 instances (2017)",1999,Image
grddl,Gleaning Resource Descriptions from Dialects of Languages Vocabulary,http://www.w3.org/2003/g/data-view,,,"13 classes, 25 properties, 0 instances (2017)",1999,Vocabularies
ssn,Semantic Sensor Network Ontology,http://www.w3.org/2005/Incubator/ssn/ssnx/ssn,,,"13 classes, 25 properties, 0 instances (2017)",1999,Methods; IoT
test,Test Metadata,http://www.w3.org/2006/03/test-description,http://www.w3.org/TR/test-metadata/,,"13 classes, 25 properties, 0 instances (2017)",1999,Quality
gso,Generic Specific Ontology,http://www.w3.org/2006/gen/ont,,,"13 classes, 25 properties, 0 instances (2017)",1999,Support
tzont,Time Zone Ontology,http://www.w3.org/2006/timezone,,,"13 classes, 25 properties, 0 instances (2017)",1999,Time
vcard,An Ontology for vCards,http://www.w3.org/2006/vcard/ns,http://www.w3.org/TR/vcard-rdf/,,"13 classes, 25 properties, 0 instances (2017)",1999,People
vin,Wine Ontology,http://www.w3.org/TR/2003/PR-owl-guide-20031209/wine,,,"13 classes, 25 properties, 0 instances (2017)",1999,Food
acl,Basic Access Control ontology,http://www.w3.org/ns/auth/acl,http://www.w3.org/wiki/WebAccessControl,,"13 classes, 25 properties, 0 instances (2017)",1999,API
cert,The Cert Ontology,http://www.w3.org/ns/auth/cert#,,,"13 classes, 25 properties, 0 instances (2017)",1999,Quality
ldp,Linked Data Platform,http://www.w3.org/ns/ldp#,http://www.w3.org/TR/ldp/,,"13 classes, 25 properties, 0 instances (2017)",1999,API
ma-ont,Ontology for Media Resources,http://www.w3.org/ns/ma-ont,http://www.w3.org/TR/mediaont-10/,,"13 classes, 25 properties, 0 instances (2017)",1999,Multimedia
rr,RDB to RDF Mapping Language Schema,http://www.w3.org/ns/r2rml#,http://www.w3.org/TR/r2rml/,,"13 classes, 25 properties, 0 instances (2017)",1999,RDF
radion; radion,Repository Asset Distribution,http://www.w3.org/ns/radion#,,,"13 classes, 25 properties, 0 instances (2017)",1999,Metadata
rdfa,"RDFa Vocabulary for Term and Prefix Assignment, and for Processor Graph Reporting",http://www.w3.org/ns/rdfa#,,,"13 classes, 25 properties, 0 instances (2017)",1999,RDF
ui,A user interface ontology,http://www.w3.org/ns/ui,,,"13 classes, 25 properties, 0 instances (2017)",1999,Support
wl,WSMO-Lite Ontology,http://www.wsmo.org/ns/wsmo-lite#,http://www.wsmo.org/ns/wsmo-lite/,,"13 classes, 25 properties, 0 instances (2017)",1999,API
decision,Decision ontology,https://decision-ontology.googlecode.com/svn/trunk/decision.owl,http://code.google.com/p/decision-ontology/,,"13 classes, 25 properties, 0 instances (2017)",1999,Support
airs,Alliance of Information and Referral Services (AIRS) Vocabulary,https://raw.githubusercontent.com/airs-linked-data/lov/latest/src/airs_vocabulary.ttl#,https://github.com/airs-linked-data/lov,,"13 classes, 25 properties, 0 instances (2017)",1999,Services
hw,Home Weather,https://www.auto.tuwien.ac.at/downloads/thinkhome/ontology/WeatherOntology.owl,https://www.auto.tuwien.ac.at/projectsites/thinkhome/ontologies.html,,"13 classes, 25 properties, 0 instances (2017)",1999,Environment; IoT
ro,The Research Object Ontology,http://purl.org/wf4ever/ro,,,"13 classes, 25 properties, 0 instances (2017)",1999,Metadata
r4r,Relations for Reusing (R4R) Ontology,http://guava.iis.sinica.edu.tw/r4r,,,"13 classes, 25 properties, 0 instances (2017)",1999,Quality; Support
dita,DITA RDF ontology,http://purl.org/dita/ns#,https://github.com/ColinMaudry/dita-rdf,,"13 classes, 25 properties, 0 instances (2017)",1999,RDF
omn; omn,Open-Multinet Upper Ontology,http://open-multinet.info/ontology/omn,,,"13 classes, 25 properties, 0 instances (2017)",1999,Services
cbo,Comic Book Ontology,http://comicmeta.org/cbo/,https://github.com/comicmeta/ComicBookOntology,,"13 classes, 25 properties, 0 instances (2017)",1999,Image; Metadata
wfprov,The Wfprov Ontology,http://purl.org/wf4ever/wfprov,,,"13 classes, 25 properties, 0 instances (2017)",1999,PLM
wfdesc,The Wfdesc ontology,http://purl.org/wf4ever/wfdesc,,,"13 classes, 25 properties, 0 instances (2017)",1999,PLM
deps,DOAP Dependencies,http://ontologi.es/doap-deps#,,,"13 classes, 25 properties, 0 instances (2017)",1999,Methods
dbug,DOAP Bugs,http://ontologi.es/doap-bugs#,,,"13 classes, 25 properties, 0 instances (2017)",1999,Methods
dm2e,DM2E model,http://onto.dm2e.eu/schemas/dm2e,http://onto.dm2e.eu/schemas/dm2e.html,,"13 classes, 25 properties, 0 instances (2017)",1999,Metadata
shoah,Shoah Vocabulary Specification,http://dati.cdec.it/lod/shoah/,,,"13 classes, 25 properties, 0 instances (2017)",1999,People
pat,Patch Request Ontology,http://purl.org/hpi/patchr#,http://patchr.s16a.org/ontologies/patchr.html,,"13 classes, 25 properties, 0 instances (2017)",1999,RDF
llont,LinkLion - the Link Discovery Portal,http://www.linklion.org/ontology,,,"13 classes, 25 properties, 0 instances (2017)",1999,Services
onc,The Open NEE Configuration Model; Open NEE Configuration Model,http://www.ics.forth.gr/isl/oncm/core,,,"13 classes, 25 properties, 0 instances (2017)",1999,Methods
oae,Open NEE Model (Open Annotation Extension); Open NEE Model,http://www.ics.forth.gr/isl/oae/core,,,"13 classes, 25 properties, 0 instances (2017)",1999,Metadata
ecpo,Enumeration and Chronology of Periodicals Ontology,http://purl.org/ontology/ecpo,,,"13 classes, 25 properties, 0 instances (2017)",1999,Time; Press
prog,The Event Programme Vocabulary,http://purl.org/prog/,,,"13 classes, 25 properties, 0 instances (2017)",1999,Events
cerif,CERIF Ontology 1.3,http://www.eurocris.org/ontologies/cerif/1.3,,,"13 classes, 25 properties, 0 instances (2017)",1999,General & Upper
holding,Holding Ontology,http://purl.org/ontology/holding,,,"13 classes, 25 properties, 0 instances (2017)",1999,Catalogs
dso; docso,Document Service Ontology,http://purl.org/ontology/dso,,,"13 classes, 25 properties, 0 instances (2017)",1999,Services
cl,Cinelab ontology,http://advene.org/ns/cinelab/ld,http://advene.org/cinelab/,,"13 classes, 25 properties, 0 instances (2017)",1999,Multimedia
lom,Learning Object Metadata Ontology,http://data.opendiscoveryspace.eu/lom_ontology_ods.owl,http://data.opendiscoveryspace.eu/,,"13 classes, 25 properties, 0 instances (2017)",1999,Metadata
isbd,ISBD elements,http://iflastandards.info/ns/isbd/elements/,http://www.ifla.org/files/assets/cataloguing/isbd/isbd-cons_20110321.pdf,,"13 classes, 25 properties, 0 instances (2017)",1999,Metadata; Catalogs
ldvm,Vocabulary for Linked Data Visualization Model,http://linked.opendata.cz/ontology/ldvm/,,,"13 classes, 25 properties, 0 instances (2017)",1999,Methods
reco,RECommendations Ontology,http://purl.org/reco#,,,"13 classes, 25 properties, 0 instances (2017)",1999,RDF; Methods
frappe,"FraPPE: Frame, Pixel, Place, Event vocabulary",http://streamreasoning.org/ontologies/frappe#,,,"13 classes, 25 properties, 0 instances (2017)",1999,Multimedia; Geography
omn-federation; omnfed,Open-Multinet Upper Federation Ontology,http://open-multinet.info/ontology/omn-federation,,,"13 classes, 25 properties, 0 instances (2017)",1999,Industry; Society
omn-lifecycle; omnlc,Open-Multinet Upper Lifecycle Ontology,http://open-multinet.info/ontology/omn-lifecycle,,,"13 classes, 25 properties, 0 instances (2017)",1999,PLM
ecrm,Erlangen CRM / OWL,http://erlangen-crm.org/current/,,,"13 classes, 25 properties, 0 instances (2017)",1999,General & Upper
iso37120,ISO 37120 indicator URIs,http://ontology.eil.utoronto.ca/ISO37120.owl,http://ontology.eil.utoronto.ca/ISO37120.html,,"13 classes, 25 properties, 0 instances (2017)",1999,Society; General & Upper
gci,Global City Indicator Foundation Ontology,http://ontology.eil.utoronto.ca/GCI/Foundation/GCI-Foundation.owl,,,"13 classes, 25 properties, 0 instances (2017)",1999,Society
ic,"International Contact (Address) Ontology: Addresses, phone numbers and emails.; International Contact Ontology: Addresses, phone numbers and emails.",http://ontology.eil.utoronto.ca/icontact.owl,,,"13 classes, 25 properties, 0 instances (2017)",1999,People
eem,The EPCIS Event Model,http://purl.org/eem,,,"13 classes, 25 properties, 0 instances (2017)",1999,Events
vgo,The Video Game Ontology,http://purl.org/net/VideoGameOntology,,,"13 classes, 25 properties, 0 instances (2017)",1999,Games
dqc,The Data Quality Constraints Library,http://semwebquality.org/ontologies/dq-constraints,,,"13 classes, 25 properties, 0 instances (2017)",1999,Quality; eBusiness
spin,SPIN Inferencing Vocabulary,http://spinrdf.org/spin,http://spinrdf.org/spin.html,,"13 classes, 25 properties, 0 instances (2017)",1999,RDF
qb4o,Vocabulary for publishing OLAP data cubes,http://purl.org/qb4olap/cubes,,,"13 classes, 25 properties, 0 instances (2017)",1999,Catalogs
qb,The data cube vocabulary,http://purl.org/linked-data/cube,http://www.w3.org/TR/vocab-data-cube/,,"13 classes, 25 properties, 0 instances (2017)",1999,Methods; W3C Rec
mexalgo,MEX Algorithm Ontology (mex-algo); MEX Algorithm Ontology,http://mex.aksw.org/mex-algo,,,"13 classes, 25 properties, 0 instances (2017)",1999,Methods
mexcore,MEX Core (mex-core) is an ontology with the goal of describing the core process for machine learning problems (MEX Platform); MEX Core Vocabulary,http://mex.aksw.org/mex-core,,,"13 classes, 25 properties, 0 instances (2017)",1999,Methods
mexperf,MEX Performance (mex-perf) is an ontology with the goal of describing performance values for machine learning problems (MEX Platform); MEX Performance Ontology,http://mex.aksw.org/mex-perf,,,"13 classes, 25 properties, 0 instances (2017)",1999,Methods
sor,SORON: Social Relationships ONtology,http://purl.org/net/soron,,,"13 classes, 25 properties, 0 instances (2017)",1999,People
tp,Tourpedia Ontology,http://tour-pedia.org/download/tp.owl,,,"13 classes, 25 properties, 0 instances (2017)",1999,Events; Travel
cart,cartCoordOnt,http://purl.org/net/cartCoord#,,,"13 classes, 25 properties, 0 instances (2017)",1999,Geometry; Geography
ignf,Ontology of coordinates reference systems,http://data.ign.fr/def/ignf,,,"13 classes, 25 properties, 0 instances (2017)",1999,Geography
ctag,Common Tag Vocabulary,http://commontag.org/ns#,http://commontag.org/Specification,,"13 classes, 25 properties, 0 instances (2017)",1999,Tag
rdf,The RDF Concepts Vocabulary,http://www.w3.org/1999/02/22-rdf-syntax-ns#,http://www.w3.org/TR/rdf11-concepts/,,"13 classes, 25 properties, 0 instances (2017)",1999,W3C Rec
person,ISA Programme Person Core Vocabulary,http://www.w3.org/ns/person,,,"13 classes, 25 properties, 0 instances (2017)",1999,People
lgdo,LinkedGeoData ontology,http://linkedgeodata.org/ontology,http://linkedgeodata.org/Datasets,,"13 classes, 25 properties, 0 instances (2017)",1999,Geography
owl,The OWL 2 Schema vocabulary,http://www.w3.org/2002/07/owl,http://www.w3.org/TR/owl2-rdf-based-semantics/,,"13 classes, 25 properties, 0 instances (2017)",1999,W3C Rec
odrs,Open Data Rights Statement Vocabulary,http://schema.theodi.org/odrs,,,"13 classes, 25 properties, 0 instances (2017)",1999,Quality
cito,"CiTO, the Citation Typing Ontology",http://purl.org/spar/cito/,,,"13 classes, 25 properties, 0 instances (2017)",1999,SPAR
scovo,The Statistical Core Vocabulary,http://vocab.deri.ie/scovo,http://vocab.deri.ie/scovo.html,,"13 classes, 25 properties, 0 instances (2017)",1999,Methods
cco,Cognitive Characteristics Ontology,http://purl.org/ontology/cco/core#,,,"13 classes, 25 properties, 0 instances (2017)",1999,People
dqm,The Data Quality Management Vocabulary,http://purl.org/dqm-vocabulary/v1/dqm,http://purl.org/dqm-vocabulary,,"13 classes, 25 properties, 0 instances (2017)",1999,Quality
date,OntoMedia Date Part Representation,http://contextus.net/ontology/ontomedia/misc/date#,,,"13 classes, 25 properties, 0 instances (2017)",1999,Time
passim,PASSIM ontology,http://data.lirmm.fr/ontologies/passim,http://data.lirmm.fr/ontologies/passim.html,,"13 classes, 25 properties, 0 instances (2017)",1999,Travel
label,label,http://purl.org/net/vocab/2004/03/label,,,"13 classes, 25 properties, 0 instances (2017)",1999,Vocabularies
frbr,Expression of Core FRBR Concepts in RDF,http://purl.org/vocab/frbr/core,http://vocab.org/frbr/core.html,,"13 classes, 25 properties, 0 instances (2017)",1999,FRBR
ao,Association Ontology,http://purl.org/ontology/ao/core#,,,"13 classes, 25 properties, 0 instances (2017)",1999,Support
oh,The Opening Hours vocabulary,http://semweb.mmlab.be/ns/oh,https://github.com/pietercolpaert/openinghoursontology,,"13 classes, 25 properties, 0 instances (2017)",1999,Time
gts; gts,Geologic Timescale model,http://resource.geosciml.org/ontology/timescale/gts,,,"13 classes, 25 properties, 0 instances (2017)",1999,Time
sam; sam,The Sampling Features Schema Vocabulary,http://def.seegrid.csiro.au/isotc211/iso19156/2011/sampling,http://www.essepuntato.it/lode/owlapi/http://def.seegrid.csiro.au/isotc211/iso19156/2011/sampling,,"13 classes, 25 properties, 0 instances (2017)",1999,Methods
dq,OWL representation of ISO 19115 (Geographic Information - Metadata - Data quality package),http://def.seegrid.csiro.au/isotc211/iso19115/2003/dataquality,,,"13 classes, 25 properties, 0 instances (2017)",1999,Quality
transit,TRANSIT: A vocabulary for describing transit systems and routes; TRANSIT,http://vocab.org/transit/terms/,,,"13 classes, 25 properties, 0 instances (2017)",1999,Travel
gd,Government Data Vocabulary,http://vocab.data.gov/gd,http://vocab.data.gov/gd.html,,"13 classes, 25 properties, 0 instances (2017)",1999,Government
ext,OWL representation of ISO 19115 (Geographic Information - Metadata - Extent package),http://def.seegrid.csiro.au/isotc211/iso19115/2003/extent,,,"13 classes, 25 properties, 0 instances (2017)",1999,Geometry
of,Open Fridge vocabulary,http://owlrep.eu01.aws.af.cm/fridge,,,"13 classes, 25 properties, 0 instances (2017)",1999,Industry; IoT
schema,Schema.org vocabulary,http://schema.org/,https://schema.org/docs/about.html,,"13 classes, 25 properties, 0 instances (2017)",1999,General & Upper
ofrd,Fridge and Freezer Vocabulary,http://purl.org/opdm/refrigerator#,,,"13 classes, 25 properties, 0 instances (2017)",1999,Industry
wot,Web Of Trust,http://xmlns.com/wot/0.1/,,,"13 classes, 25 properties, 0 instances (2017)",1999,Quality; Security
itm,Issue Tracking tool Model,http://spi-fm.uca.es/spdef/models/genericTools/itm/1.0,,,"13 classes, 25 properties, 0 instances (2017)",1999,PLM
media,The Media Vocabulary; The Media RDF Vocabulary,http://purl.org/media,,,"13 classes, 25 properties, 0 instances (2017)",1999,Multimedia
biotop,BioTop,http://purl.org/biotop/biotop.owl,http://purl.org/biotop,,"13 classes, 25 properties, 0 instances (2017)",1999,Biology
gov,Ontology for modelling historic administrative information.,http://gov.genealogy.net/ontology.owl,,,"13 classes, 25 properties, 0 instances (2017)",1999,Time; Society
vivo,VIVO Core Ontology,http://vivoweb.org/ontology/core,http://www.vivoweb.org/download,,"13 classes, 25 properties, 0 instances (2017)",1999,Academy
geop,FAO Geopolitical Ontology,http://aims.fao.org/aos/geopolitical.owl,,,"13 classes, 25 properties, 0 instances (2017)",1999,Geography
pattern,The Pattern Ontology,http://www.essepuntato.it/2008/12/pattern,,,"13 classes, 25 properties, 0 instances (2017)",1999,Catalogs
muto,Modular Unified Tagging Ontology (MUTO),http://purl.org/muto/core,http://purl.org/muto,,"13 classes, 25 properties, 0 instances (2017)",1999,Tag
lv,lobid vocab,http://purl.org/lobid/lv,,,"13 classes, 25 properties, 0 instances (2017)",1999,Catalogs
g50k,50K Gazetteer Vocabulary,http://data.ordnancesurvey.co.uk/ontology/50kGazetteer/,,,"13 classes, 25 properties, 0 instances (2017)",1999,Geography
vrank,Vocabulary for Ranking,http://vocab.sti2.at/vrank,http://vocab.sti2.at/vrank.html,,"13 classes, 25 properties, 0 instances (2017)",1999,Methods
umbel,Upper Mapping and Binding Exchange Layer,http://umbel.org/umbel,,,"13 classes, 25 properties, 0 instances (2017)",1999,General & Upper
search,Sindice Search Vocabulary,http://vocab.deri.ie/search,http://vocab.deri.ie/search.html,,"13 classes, 25 properties, 0 instances (2017)",1999,API
poder,PoderVocab: A vocabulary for Poderopedia; Poder Vocabulary,http://dev.poderopedia.com/vocab/schema,http://dev.poderopedia.com/documentation/index,,"13 classes, 25 properties, 0 instances (2017)",1999,People
ontopic,Ontopic Ontology,http://www.ontologydesignpatterns.org/ont/dul/ontopic.owl,,,"13 classes, 25 properties, 0 instances (2017)",1999,Vocabularies
limo,Linked Statistical Models Vocabulary,http://purl.org/limo-ontology/limo/,,,"13 classes, 25 properties, 0 instances (2017)",1999,Methods
frbrer,FRBRer model,http://iflastandards.info/ns/fr/frbr/frbrer/,http://www.ifla.org/en/publications/functional-requirements-for-bibliographic-records,,"13 classes, 25 properties, 0 instances (2017)",1999,FRBR
tisc,Open Time and Space Core Vocabulary namespace; Open Time and Space Core Vocabulary,http://www.observedchange.com/tisc/ns#,,,"13 classes, 25 properties, 0 instances (2017)",1999,Events
ru,Representational Units Metadata Ontology,http://purl.org/imbi/ru-meta.owl,,,"13 classes, 25 properties, 0 instances (2017)",1999,Metadata
spfood,SmartProducts Food Domain Model,http://kmi.open.ac.uk/projects/smartproducts/ontologies/food.owl,http://projects.kmi.open.ac.uk/smartproducts/ontology.html,,"13 classes, 25 properties, 0 instances (2017)",1999,Food
reegle,Reegle RDF Schema; Renewable Energy and Energy Efficiency,http://reegle.info/schema,,,"13 classes, 25 properties, 0 instances (2017)",1999,Environment
ntag,Nice Tag Ontology,http://ns.inria.fr/nicetag/2010/09/09/voc,http://ns.inria.fr/nicetag/2010/09/09/voc.html,,"13 classes, 25 properties, 0 instances (2017)",1999,Tag
lio; lio,Lightweight Image Ontology (LIO); Lightweight Image Ontology,http://purl.org/net/lio,,,"13 classes, 25 properties, 0 instances (2017)",1999,Image
tac,TripleAccessControl Ontology,http://ns.bergnet.org/tac/0.1/triple-access-control,,,"13 classes, 25 properties, 0 instances (2017)",1999,API
rdfg,Graph,http://www.w3.org/2004/03/trix/rdfg-1/,http://www.w3.org/2004/03/trix/,,"13 classes, 25 properties, 0 instances (2017)",1999,RDF
osr,OntoMedia Space Representation,http://contextus.net/ontology/ontomedia/core/space#,,,"13 classes, 25 properties, 0 instances (2017)",1999,Geography
pns,SNaP Stuff Ontology; Press.net Stuff Ontology,http://data.press.net/ontology/stuff/,,,"13 classes, 25 properties, 0 instances (2017)",1999,Press
org; ctorg,Vocabulary for the structure of the public organizations,http://purl.org/ctic/infraestructuras/organizacion,,,"13 classes, 25 properties, 0 instances (2017)",1999,Government
ldr,Linked Data Rights (LDR),http://purl.oclc.org/NET/ldr/ns#,http://oeg-dev.dia.fi.upm.es/licensius/static/ldr/,,"13 classes, 25 properties, 0 instances (2017)",1999,Contracts
frad,FRAD model,http://iflastandards.info/ns/fr/frad/,http://www.ifla.org/files/assets/cataloguing/frad/frad_2013.pdf,,"13 classes, 25 properties, 0 instances (2017)",1999,FRBR
ppo,Privacy Preference Ontology,http://vocab.deri.ie/ppo,http://vocab.deri.ie/ppo.html,,"13 classes, 25 properties, 0 instances (2017)",1999,API
km4c,"km4city, the DISIT Knowledge Model for City and Mobility",http://www.disit.org/km4city/schema,http://www.disit.org/,,"13 classes, 25 properties, 0 instances (2017)",1999,Environment; Services; Society
cnt,Representing Content in RDF,http://www.w3.org/2011/content,http://www.w3.org/TR/Content-in-RDF10/,,"13 classes, 25 properties, 0 instances (2017)",1999,RDF
con,Contact,http://www.w3.org/2000/10/swap/pim/contact,,,"13 classes, 25 properties, 0 instances (2017)",1999,People
coo,Car Options Ontology,http://purl.org/coo/ns#,http://purl.org/coo/ns.html,,"13 classes, 25 properties, 0 instances (2017)",1999,Industry
co; cro,Copyright Ontology,http://rhizomik.net/ontologies/copyrightonto.owl,http://rhizomik.net/html/ontologies/copyrightonto/,,"13 classes, 25 properties, 0 instances (2017)",1999,Multimedia
dady,Dataset Dynamics (dady) vocabulary,http://vocab.deri.ie/dady,http://vocab.deri.ie/dady.html,,"13 classes, 25 properties, 0 instances (2017)",1999,RDF
wi,The Weighted Interests Vocabulary,http://purl.org/ontology/wi/core#,,,"13 classes, 25 properties, 0 instances (2017)",1999,People
dcndl,NDL Metadata Terms,http://ndl.go.jp/dcndl/terms/,,,"13 classes, 25 properties, 0 instances (2017)",1999,Metadata
wdrs,Protocol for Web Description Resources,http://www.w3.org/2007/05/powder-s,,,"13 classes, 25 properties, 0 instances (2017)",1999,API
vvo,Volkswagen Vehicles Ontology,http://purl.org/vvo/ns#,http://purl.org/vvo/ns.html,,"13 classes, 25 properties, 0 instances (2017)",1999,Industry
deo,The Discourse Elements Ontology,http://purl.org/spar/deo,http://www.essepuntato.it/lode/http://purl.org/spar/deo,,"13 classes, 25 properties, 0 instances (2017)",1999,SPAR
doco,"DoCO, the Document Components Ontology",http://purl.org/spar/doco,http://www.essepuntato.it/lode/http://purl.org/spar/doco,,"13 classes, 25 properties, 0 instances (2017)",1999,SPAR
dsn,DSNotify Eventsets: A vocabulary for change events in linked data sources,http://purl.org/dsnotify/vocab/eventset/,,,"13 classes, 25 properties, 0 instances (2017)",1999,RDF
semio,"SEMIO Ontology; Semio, an ontology of signs",http://www.lingvoj.org/semio.rdf,,,"13 classes, 25 properties, 0 instances (2017)",1999,Vocabularies
ends,"Vocabulary of endpoint status (availability, responseTime)",http://labs.mondeca.com/vocab/endpointStatus,http://labs.mondeca.com/vocab/endpointStatus/index.html,,"13 classes, 25 properties, 0 instances (2017)",1999,API
gc,oeGOV Government Core Ontology,http://www.oegov.org/core/owl/gc,,,"13 classes, 25 properties, 0 instances (2017)",1999,Government
ep,EPrints Ontology,http://eprints.org/ontology/,,,"13 classes, 25 properties, 0 instances (2017)",1999,Catalogs
gen; gen,Gen---A Vocabulary for Linked Genealogical Data; Vocabulary for Linked Genealogical Data,http://purl.org/gen/0.1#,https://github.com/joshhansen/vocab-gen,,"13 classes, 25 properties, 0 instances (2017)",1999,People
gold,General Ontology for Linguistic Description,http://purl.org/linguistics/gold,,,"13 classes, 25 properties, 0 instances (2017)",1999,Vocabularies
sd,SPARQL 1.1 Service Description,http://www.w3.org/ns/sparql-service-description,http://www.w3.org/TR/sparql11-service-description/,,"13 classes, 25 properties, 0 instances (2017)",1999,W3C Rec
orges,Ontology about Spanish public organizations,http://datos.gob.es/def/sector-publico/organizacion#,,,"13 classes, 25 properties, 0 instances (2017)",1999,Government
pwo,The Publishing Workflow Ontology,http://purl.org/spar/pwo,,,"13 classes, 25 properties, 0 instances (2017)",1999,SPAR
ti,The Time Interval Pattern,http://www.ontologydesignpatterns.org/cp/owl/timeinterval.owl,,,"13 classes, 25 properties, 0 instances (2017)",1999,Time
irw,The Identity of Resources on the Web ontology,http://www.ontologydesignpatterns.org/ont/web/irw.owl,,,"13 classes, 25 properties, 0 instances (2017)",1999,Quality
parl,Parliament Ontology,http://reference.data.gov.uk/def/parliament,,,"13 classes, 25 properties, 0 instances (2017)",1999,Government
kdo,The Knowledge Diversity Ontology,http://kdo.render-project.eu/kdo#,,,"13 classes, 25 properties, 0 instances (2017)",1999,Quality
premis,PREMIS Ontology,http://www.loc.gov/premis/rdf/v1,http://id.loc.gov/ontologies/premis.html,,"13 classes, 25 properties, 0 instances (2017)",1999,Catalogs
is,Info Service Ontology,http://purl.org/ontology/is/core#,,,"13 classes, 25 properties, 0 instances (2017)",1999,Services
prv; pr,Property Reification Vocabulary,http://purl.org/ontology/prv/core#,,,"13 classes, 25 properties, 0 instances (2017)",1999,RDF
pdo,Project Documents Ontology,http://vocab.deri.ie/pdo,http://vocab.deri.ie/pdo.html,,"13 classes, 25 properties, 0 instances (2017)",1999,Society
rec54,Model of the W3C Process,http://www.w3.org/2001/02pd/rec54#,,,"13 classes, 25 properties, 0 instances (2017)",1999,Metadata
lsc,Linked Science Core Vocabulary namespace; Linked Science Core Vocabulary,http://linkedscience.org/lsc/ns#,,,"13 classes, 25 properties, 0 instances (2017)",1999,Methods
pbo,Play Back Ontology,http://purl.org/ontology/pbo/core#,,,"13 classes, 25 properties, 0 instances (2017)",1999,Music
oslo; oslo,OSLO Exchange Standard,http://purl.org/oslo/ns/localgov,,,"13 classes, 25 properties, 0 instances (2017)",1999,Society
ipo,IPO - Issue Procedure Ontology,http://purl.org/ipo/core,,,"13 classes, 25 properties, 0 instances (2017)",1999,Methods
pproc,PPROC ontology,http://contsem.unizar.es/def/sector-publico/pproc,http://contsem.unizar.es/def/sector-publico/pproc.html,,"13 classes, 25 properties, 0 instances (2017)",1999,Contracts
pne,SNaP Event Ontology; Press.net Event Ontology,http://data.press.net/ontology/event/,,,"13 classes, 25 properties, 0 instances (2017)",1999,Press
prvt,Provenance Vocabulary types module namespace; Provenance Vocabulary types,http://purl.org/net/provenance/types#,,,"13 classes, 25 properties, 0 instances (2017)",1999,Quality
opmw,The OPMW Ontology,http://www.opmw.org/ontology/,http://www.opmw.org/,,"13 classes, 25 properties, 0 instances (2017)",1999,Methods
ds,Dataset Catalog Vocabulary,http://purl.org/ctic/dcat#,http://data.fundacionctic.org/vocab/catalog/datasets.html,,"13 classes, 25 properties, 0 instances (2017)",1999,Catalogs
onyx,Onyx Emotion Ontology,http://www.gsi.dit.upm.es/ontologies/onyx/ns,http://www.gsi.dit.upm.es/ontologies/onyx/,,"13 classes, 25 properties, 0 instances (2017)",1999,Support
service,Service Ontology; The Service Ontology,http://purl.org/ontology/service,https://github.com/dini-ag-kim/service-ontology/,,"13 classes, 25 properties, 0 instances (2017)",1999,Services
li,OWL representation of ISO 19115 (Geographic Information - Metadata - Lineage package),http://def.seegrid.csiro.au/isotc211/iso19115/2003/lineage,,,"13 classes, 25 properties, 0 instances (2017)",1999,Support
bevon,BEVON: Beverage Ontology,http://rdfs.co/bevon/,,,"13 classes, 25 properties, 0 instances (2017)",1999,Food
juso.kr,South Korea Extension to Juso Ontology,http://rdfs.co/juso/kr/,,,"13 classes, 25 properties, 0 instances (2017)",1999,Geometry; Geography
fresnel,Fresnel Lens and Format Core Vocabulary,http://www.w3.org/2004/09/fresnel,,,"13 classes, 25 properties, 0 instances (2017)",1999,RDF
geofla,Ontology of administrative units at IGN-France,http://data.ign.fr/def/geofla,,,"13 classes, 25 properties, 0 instances (2017)",1999,Geography
igeo,French Statistical ontology for geolocation,http://rdf.insee.fr/def/geo,http://rdf.insee.fr/geo/index.html,,"13 classes, 25 properties, 0 instances (2017)",1999,Geography
elseweb-modelling; lswmo,ELSEWeb Modelling Ontology,http://ontology.cybershare.utep.edu/ELSEWeb/elseweb-modelling.owl,,,"13 classes, 25 properties, 0 instances (2017)",1999,Support; Services
s4ac,Social Semantic SPARQL Security For Access Control Ontology,http://ns.inria.fr/s4ac/v2,http://ns.inria.fr/s4ac/v2/s4ac_v2.html,,"13 classes, 25 properties, 0 instances (2017)",1999,API
nlon,National Library of Korea Ontology,http://lod.nl.go.kr/ontology/,,,"13 classes, 25 properties, 0 instances (2017)",1999,Catalogs
snarm,Simple Network Access Rights Management Ontology,http://rdf.myexperiment.org/ontologies/snarm/,,,"13 classes, 25 properties, 0 instances (2017)",1999,API
d2rq,D2RQ - Language Specification,http://www.wiwiss.fu-berlin.de/suhl/bizer/D2RQ/0.1,http://d2rq.org/,,"13 classes, 25 properties, 0 instances (2017)",1999,RDF
prissma,Presentation of Resources for Interoperable Semantic and Shareable Mobile Adaptability,http://ns.inria.fr/prissma/v2#,http://ns.inria.fr/prissma/v1/prissma_v1.html,,"13 classes, 25 properties, 0 instances (2017)",1999,API
locn; locn,ISA Programme Location Core Vocabulary,http://www.w3.org/ns/locn,,,"13 classes, 25 properties, 0 instances (2017)",1999,Geometry; Geography
moac,Management of a Crisis Vocabulary namespace; Management of a Crisis Vocabulary,http://www.observedchange.com/moac/ns#,,,"13 classes, 25 properties, 0 instances (2017)",1999,Environment
drm,Data Reference Model,http://vocab.data.gov/def/drm,http://vocab.data.gov/def/drm.html,,"13 classes, 25 properties, 0 instances (2017)",1999,General & Upper
dicom,Healthcare metadata - DICOM ontology,http://purl.org/healthcarevocab/v1,,,"13 classes, 25 properties, 0 instances (2017)",1999,Health
dogont; dogont,Ontology Modeling for Intelligent Domotic Environments,http://elite.polito.it/ontologies/dogont.owl,http://www.cad.polito.it/pap/exact/iswc08.html,,"13 classes, 25 properties, 0 instances (2017)",1999,Environment; IoT
ucum,Units of measurement ontology,http://purl.oclc.org/NET/muo/ucum/,,,"13 classes, 25 properties, 0 instances (2017)",1999,General & Upper
itsmo,IT Service Management Ontology,http://ontology.it/itsmo/v1,http://ontology.it/itsmo/v1/itsmo.html,,"13 classes, 25 properties, 0 instances (2017)",1999,Services
conversion,Conversion Ontology,http://purl.org/twc/vocab/conversion/,,,"13 classes, 25 properties, 0 instances (2017)",1999,RDF
geom,Ontology for geometry,http://data.ign.fr/def/geometrie,,,"13 classes, 25 properties, 0 instances (2017)",1999,Geometry
place,The Places Ontology,http://purl.org/ontology/places,,,"13 classes, 25 properties, 0 instances (2017)",1999,Geography
geo-deling; geod,Administrative vocabulary for Norway,http://vocab.lenka.no/geo-deling,http://vocab.lenka.no/geo-deling.html,,"13 classes, 25 properties, 0 instances (2017)",1999,Geography
turismo,Ontology of Tourist for Saragossa town hall.,http://idi.fundacionctic.org/cruzar/turismo,,,"13 classes, 25 properties, 0 instances (2017)",1999,Travel
earl,Evaluation and Report Language,http://www.w3.org/ns/earl,http://www.w3.org/TR/EARL10/,,"13 classes, 25 properties, 0 instances (2017)",1999,Quality
wai,Roles and Profiles Ontology,http://purl.org/wai#,http://vocab.ctic.es/wai/wai.html,,"13 classes, 25 properties, 0 instances (2017)",1999,People
cold,'Configuration as Linked Data' ontology,http://purl.org/configurationontology,,,"13 classes, 25 properties, 0 instances (2017)",1999,eBusiness
nif,NIF 2.0 Core Ontology; NLP Interchange Format,http://persistence.uni-leipzig.org/nlp2rdf/ontologies/nif-core#,,,"13 classes, 25 properties, 0 instances (2017)",1999,Vocabularies
oc,OntoMedia Core,http://contextus.net/ontology/ontomedia/core/expression#,,,"13 classes, 25 properties, 0 instances (2017)",1999,Multimedia
mo,Music Ontology,http://purl.org/ontology/mo/,http://motools.sourceforge.net/doc/musicontology.html,,"13 classes, 25 properties, 0 instances (2017)",1999,Music
adms,Asset Description Metadata Schema (ADMS); Asset Description Metadata Schema,http://www.w3.org/ns/adms,http://www.w3.org/TR/vocab-adms/,,"13 classes, 25 properties, 0 instances (2017)",1999,Metadata
emotion,Emotion ontology for context awareness; Emotion Ontology for Context Awareness,http://ns.inria.fr/emoca,http://ns.inria.fr/emoca,,"13 classes, 25 properties, 0 instances (2017)",1999,People
algo,Algorithms Ontology,http://securitytoolbox.appspot.com/securityAlgorithms#,,,"13 classes, 25 properties, 0 instances (2017)",1999,Security
http,HTTP in RDF,http://www.w3.org/2011/http,,,"13 classes, 25 properties, 0 instances (2017)",1999,API
gtfs,General Transit Feed Specification,http://vocab.gtfs.org/terms#,https://raw.githubusercontent.com/OpenTransport/vocabulary/master/gtfs/gtfs.ttl,,"13 classes, 25 properties, 0 instances (2017)",1999,Travel
step,Semantic Trajectory Episodes,http://purl.org/net/step,,,"13 classes, 25 properties, 0 instances (2017)",1999,Time; Geography
po; plo,Playlist Ontology,http://purl.org/net/po#,,,"13 classes, 25 properties, 0 instances (2017)",1999,Music
pav,"PAV - Provenance, Authoring and Versioning; Provenance, Authoring and Versioning",http://purl.org/pav/,http://purl.org/pav/home,,"13 classes, 25 properties, 0 instances (2017)",1999,Quality
pmlp,PML2 provenance ontology,http://inference-web.org/2.0/pml-provenance.owl,,,"13 classes, 25 properties, 0 instances (2017)",1999,Quality
mil,Military Ontology Specification,http://rdf.muninn-project.org/ontologies/military,,,"13 classes, 25 properties, 0 instances (2017)",1999,Society
lingvo,The Lingvoj Ontology,http://www.lingvoj.org/ontology,http://www.lingvoj.org,,"13 classes, 25 properties, 0 instances (2017)",1999,Vocabularies
cdtype,The Collection Description Type Namespace,http://purl.org/cld/cdtype/,http://dublincore.org/groups/collections/collection-application-profile/,,"13 classes, 25 properties, 0 instances (2017)",1999,Catalogs
voidwh,Void Warehouse Ontology,http://www.ics.forth.gr/isl/VoIDWarehouse/VoID_Extension_Schema.owl,,,"13 classes, 25 properties, 0 instances (2017)",1999,Metadata
wfm,The Workflow Motif Ontology,http://purl.org/net/wf-motifs,http://vocab.linkeddata.es/motifs/,,"13 classes, 25 properties, 0 instances (2017)",1999,Methods
voag,Vocabulary Of Attribution and Governance,http://voag.linkedmodel.org/schema/voag,,,"13 classes, 25 properties, 0 instances (2017)",1999,Quality
aiiso,Academic Institution Internal Structure Ontology,http://purl.org/vocab/aiiso/schema,http://vocab.org/aiiso/schema-20080925.html,,"13 classes, 25 properties, 0 instances (2017)",1999,Academy
bag,Vocabulary for the Dutch base registration of buildings and addresses (BAG),http://lod.geodan.nl/vocab/bag,,,"13 classes, 25 properties, 0 instances (2017)",1999,Geography
locah,The LOCAH RDF Vocabulary,http://data.archiveshub.ac.uk/def/,http://data.archiveshub.ac.uk/about.html,,"13 classes, 25 properties, 0 instances (2017)",1999,Catalogs
swp,Graph Authority,http://www.w3.org/2004/03/trix/swp-1,,,"13 classes, 25 properties, 0 instances (2017)",1999,RDF
lexinfo,LexInfo; LexInfo Ontology,http://www.lexinfo.net/ontology/2.0/lexinfo,,,"13 classes, 25 properties, 0 instances (2017)",1999,Vocabularies
hr,hRESTS Ontology,http://iserve.kmi.open.ac.uk/ns/hrests,,,"13 classes, 25 properties, 0 instances (2017)",1999,API
iol,Information Objects ontology,http://www.ontologydesignpatterns.org/ont/dul/IOLite.owl,,,"13 classes, 25 properties, 0 instances (2017)",1999,General & Upper
hdo; hdo,HelpDesk support Ontology,http://www.samos.gr/ontologies/helpdeskOnto.owl,http://www.samos.gr/ontologies/helpdeskOnto.html,,"13 classes, 25 properties, 0 instances (2017)",1999,Support
rov,Registered Organization Vocabulary,http://www.w3.org/ns/regorg,http://www.w3.org/2011/gld/,,"13 classes, 25 properties, 0 instances (2017)",1999,Society
br,Brainstorm Ontology,http://vocab.deri.ie/br,http://vocab.deri.ie/br.html,,"13 classes, 25 properties, 0 instances (2017)",1999,Society
blt,British Library Terms RDF schema,http://www.bl.uk/schemas/bibliographic/blterms,,,"13 classes, 25 properties, 0 instances (2017)",1999,Catalogs
daia,Document Availability Information Ontology,http://purl.org/ontology/daia,https://github.com/gbv/daia/,,"13 classes, 25 properties, 0 instances (2017)",1999,Catalogs
cal,Internet Calendaring and Scheduling Core Object Specification,http://www.w3.org/2002/12/cal/ical,http://www.w3.org/TR/rdfcal/,,"13 classes, 25 properties, 0 instances (2017)",1999,Time
dio,The Design Intent Ontology,https://w3id.org/dio,,,"13 classes, 25 properties, 0 instances (2017)",1999,Services; Methods
elseweb-mappings; lsmap,ELSEWeb Mappings Ontology,http://ontology.cybershare.utep.edu/ELSEWeb/mappings/elseweb-mappings.owl,,,"13 classes, 25 properties, 0 instances (2017)",1999,Support
lslife,ELSEWeb Lifemapper Ontology,http://ontology.cybershare.utep.edu/ELSEWeb/elseweb-lifemapper.owl,http://elseweb.cybershare.utep.edu/ontologies,,"13 classes, 25 properties, 0 instances (2017)",1999,Support; Services
mrel,MARC Code List for Relators,http://id.loc.gov/vocabulary/relators,,,"13 classes, 25 properties, 0 instances (2017)",1999,Vocabularies
scip,Scientific People Ontology,http://lod.taxonconcept.org/ontology/sci_people.owl,,,"13 classes, 25 properties, 0 instances (2017)",1999,Academy
meb,The myExperiment Base Ontology,http://rdf.myexperiment.org/ontologies/base/,,,"13 classes, 25 properties, 0 instances (2017)",1999,Academy
scsv,Schema.org CSV,http://vocab.deri.ie/scsv,http://vocab.deri.ie/scsv.html,,"13 classes, 25 properties, 0 instances (2017)",1999,CSV
shw,Smart Home Weather,http://paul.staroch.name/thesis/SmartHomeWeather.owl#,https://paul.staroch.name/thesis/thesis.pdf,,"13 classes, 25 properties, 0 instances (2017)",1999,Environment; IoT
spt,SPITFIRE Ontology,http://spitfire-project.eu/ontology/ns,http://spitfire-project.eu/incontextsensing/ontology.php,,"13 classes, 25 properties, 0 instances (2017)",1999,Methods; IoT
rdae,RDA Expression properties,http://rdaregistry.info/Elements/e,,,"13 classes, 25 properties, 0 instances (2017)",1999,FRBR
csp,Constraint Satisfaction Problems Vocabulary,http://vocab.deri.ie/csp,http://vocab.deri.ie/csp.html,,"13 classes, 25 properties, 0 instances (2017)",1999,Industry
rdam,RDA Manifestation properties,http://rdaregistry.info/Elements/m,https://github.com/RDARegistry/RDA-Vocabularies/,,"13 classes, 25 properties, 0 instances (2017)",1999,FRBR
rdag2,RDA Group 2 Elements,http://rdvocab.info/ElementsGr2,,,"13 classes, 25 properties, 0 instances (2017)",1999,Metadata
rdaa,RDA Agent properties,http://rdaregistry.info/Elements/a,https://github.com/RDARegistry/RDA-Vocabularies/,,"13 classes, 25 properties, 0 instances (2017)",1999,FRBR
lawd,Linking Ancient World Data Ontology,http://lawd.info/ontology/,https://github.com/lawdi/LAWD,,"13 classes, 25 properties, 0 instances (2017)",1999,Catalogs
rdag1,RDA Group 1 Elements,http://rdvocab.info/Elements,http://dublincore.org/dcmirdataskgroup/,,"13 classes, 25 properties, 0 instances (2017)",1999,Metadata
cld,The Collection Description Terms,http://purl.org/cld/terms/,http://dublincore.org/groups/collections/collection-application-profile/,,"13 classes, 25 properties, 0 instances (2017)",1999,Catalogs
botany,Biological Taxonomy Vocabulary 0.2 (Botany),http://purl.org/NET/biol/botany#,,,"13 classes, 25 properties, 0 instances (2017)",1999,Biology
crm,CIDOC Conceptual Reference Model,http://www.cidoc-crm.org/cidoc-crm/,,,"13 classes, 25 properties, 0 instances (2017)",1999,General & Upper
biopax,BioPAX Level 3 ontology,http://www.biopax.org/release/biopax-level3.owl,,,"13 classes, 25 properties, 0 instances (2017)",1999,Biology
remetca,ReMetCa Ontology,http://www.purl.org/net/remetca#,,,"13 classes, 25 properties, 0 instances (2017)",1999,SPAR
oml:; oml,OWL for Observations,http://def.seegrid.csiro.au/ontology/om/om-lite,,,"13 classes, 25 properties, 0 instances (2017)",1999,Geography
saml:; samfl,OWL for Sampling Features,http://def.seegrid.csiro.au/ontology/om/sam-lite,,,"13 classes, 25 properties, 0 instances (2017)",1999,Geography
hto,Haystack Tagging Ontology,http://vcharpenay.github.io/hto/hto.xml,http://project-haystack.org/,,"13 classes, 25 properties, 0 instances (2017)",1999,Industry
uco,Used Cars Ontology; UCO: The Used Cars Ontology for Semantic Web-based E-Commerce,http://purl.org/uco/ns#,http://ontologies.makolab.com/uco/ns.html#,,"13 classes, 25 properties, 0 instances (2017)",1999,eBusiness
rdarole,RDA Roles,http://rdvocab.info/roles,http://dublincore.org/dcmirdataskgroup/,,"13 classes, 25 properties, 0 instances (2017)",1999,FRBR
rdai,RDA Item properties,http://rdaregistry.info/Elements/i,https://github.com/RDARegistry/RDA-Vocabularies/blob/master/ttl/Elements/i.ttl,,"13 classes, 25 properties, 0 instances (2017)",1999,FRBR
olca,Ontology Loose Coupling Annotation,http://www.lingvoj.org/olca,,,"13 classes, 25 properties, 0 instances (2017)",1999,Metadata
ebucore,EBU Ontology,http://www.ebu.ch/metadata/ontologies/ebucore/ebucore,http://tech.ebu.ch/lang/en/MetadataEbuCore,,"13 classes, 25 properties, 0 instances (2017)",1999,Multimedia
food,Food Ontology,http://data.lirmm.fr/ontologies/food,http://data.lirmm.fr/ontologies/food.html,,"13 classes, 25 properties, 0 instances (2017)",1999,Food
fowl,Food Ontology in OWL,http://www.w3.org/TR/2003/PR-owl-guide-20031215/food,,,"13 classes, 25 properties, 0 instances (2017)",1999,Food
dbo; dbpedia-owl,The DBpedia Ontology,http://dbpedia.org/ontology/,http://wiki.dbpedia.org/Ontology,,"13 classes, 25 properties, 0 instances (2017)",1999,General & Upper
xsd,XML Schema,http://www.w3.org/2001/XMLSchema,,,"13 classes, 25 properties, 0 instances (2017)",1999,W3C Rec
open311,Open 311 Ontology: An Ontology for publishing a city's non-emergency events.,http://ontology.eil.utoronto.ca/open311.owl,,,"13 classes, 25 properties, 0 instances (2017)",1999,Society; Events
inno,Ontology for Innovation,http://purl.org/innovation/ns,,,"13 classes, 25 properties, 0 instances (2017)",1999,Industry
ioto; iot-o,IoT-O,http://www.irit.fr/recherches/MELODI/ontologies/IoT-O,,,"13 classes, 25 properties, 0 instances (2017)",1999,Services; IoT
eccrev,RDF changes and revisions vocabulary,https://vocab.eccenca.com/revision/,,,"13 classes, 25 properties, 0 instances (2017)",1999,RDF
lifecycle; iot-lifecycle,IoT-Lifecycle,http://www.irit.fr/recherches/MELODI/ontologies/IoT-Lifecycle,,,"13 classes, 25 properties, 0 instances (2017)",1999,Services
SAN; san,SAN (Semantic Actuator Network),http://www.irit.fr/recherches/MELODI/ontologies/SAN,,,"13 classes, 25 properties, 0 instances (2017)",1999,Support; IoT
kees,KEES Ontology,http://linkeddata.center/kees/v1,http://linkeddata.center/kees/,,"13 classes, 25 properties, 0 instances (2017)",1999,Industry; Services
obws,Object with states ontology,http://delicias.dia.fi.upm.es/ontologies/ObjectWithStates.owl,,,"13 classes, 25 properties, 0 instances (2017)",1999,Methods
dpn; dpn,Data Provider Node ontology,http://purl.org/dpn,,,"13 classes, 25 properties, 0 instances (2017)",1999,Support; Services
ispra,Ispra Ontology,http://dati.isprambiente.it/ontology/core#,,,"13 classes, 25 properties, 0 instances (2017)",1999,Environment; Catalogs
ludo,Ludo Ontology,http://ns.inria.fr/ludo,,,"13 classes, 25 properties, 0 instances (2017)",1999,Games
ludo-xapi,Experience API (xAPI),http://ns.inria.fr/ludo/v1/xapi,,,"13 classes, 25 properties, 0 instances (2017)",1999,API
lsq,The Linked SPARQL Queries Vocabulary (LSQ(V)),http://lsq.aksw.org/vocab,http://aksw.github.io/LSQ/,,"13 classes, 25 properties, 0 instances (2017)",1999,Support; Metadata
vsearch,vSearch Vocabulary,http://vocab.sti2.at/vsearch/,http://vocab.sti2.at/vsearch.html,,"13 classes, 25 properties, 0 instances (2017)",1999,Vocabularies
m3-lite; m3lite,The Machine-to-Machine Measurement (M3) Lite Ontology,http://purl.org/iot/vocab/m3-lite#,,,"13 classes, 25 properties, 0 instances (2017)",1999,Services; IoT
iot-lite,Iot-lite ontology,http://purl.oclc.org/NET/UNIS/fiware/iot-lite#,,,"13 classes, 25 properties, 0 instances (2017)",1999,Environment; IoT
datex,Linked Datex II,http://vocab.datex.org/terms#,,,"13 classes, 25 properties, 0 instances (2017)",1999,Government; Services; Travel
saref,SAREF: the Smart Appliances REFerence ontology,https://w3id.org/saref,,,"13 classes, 25 properties, 0 instances (2017)",1999,Industry; Services; IoT
s4ee,SAREF4EE: the EEbus/Energy@home extension of SAREF,https://w3id.org/saref4ee,,,"13 classes, 25 properties, 0 instances (2017)",1999,Environment; Services
le; earth,The Linked Earth Ontology,http://linked.earth/ontology#,,,"13 classes, 25 properties, 0 instances (2017)",1999,Environment; Society
dbowl,Relational to Ontology Mapping Primitive,http://ontology.cybershare.utep.edu/dbowl,,,"13 classes, 25 properties, 0 instances (2017)",1999,Methods
mid; mdi,The vocabulary for describing Multidimensional Interfaces; RDF vocabulary to describe a Multidimensional Interface.,https://w3id.org/multidimensional-interface/ontology,,,"13 classes, 25 properties, 0 instances (2017)",1999,Multimedia
plink,PersonLink Ontology,http://cedric.cnam.fr/isid/ontologies/PersonLink.owl,,,"13 classes, 25 properties, 0 instances (2017)",1999,People
summa,SUMMA Vocabulary,http://purl.org/voc/summa/,,,"13 classes, 25 properties, 0 instances (2017)",1999,API
eccpubsub; pubsub,Eccenca Publish-Subscribe Vocabulary,https://vocab.eccenca.com/pubsub/,,,"13 classes, 25 properties, 0 instances (2017)",1999,Services; API
gamemodel; ludo-gm,Ludo Game Model Ontology,http://ns.inria.fr/ludo/v1/gamemodel#,,,"13 classes, 25 properties, 0 instances (2017)",1999,Games
virtualcontext; ludo-vc,Ludo - Virtual Context,http://ns.inria.fr/ludo/v1/virtualcontext#,,,"13 classes, 25 properties, 0 instances (2017)",1999,Games
ludo-gp,Ludo - Game Presentation,http://ns.inria.fr/ludo/v1/gamepresentation#,,,"13 classes, 25 properties, 0 instances (2017)",1999,Games
hifm,HIFM Ontology,http://purl.org/net/hifm/ontology#,,,"13 classes, 25 properties, 0 instances (2017)",1999,Biology; Health
tao; trao,Transport Administration Ontology,http://linkeddata.finki.ukim.mk/lod/ontology/tao#,,,"13 classes, 25 properties, 0 instances (2017)",1999,Services; Travel
cfrl,Corporate Financial Reports and Loans Ontology,http://linkeddata.finki.ukim.mk/lod/ontology/cfrl#,,,"13 classes, 25 properties, 0 instances (2017)",1999,eBusiness
duv,Dataset Usage Vocabulary,http://www.w3.org/ns/duv,,,"13 classes, 25 properties, 0 instances (2017)",1999,Society; People
hosp,Hospital Vocabulary,http://vocab.data.gov/hosp,,,"13 classes, 25 properties, 0 instances (2017)",1999,Health
dbm,DBM Ontology,http://purl.org/net/dbm/ontology#,,,"13 classes, 25 properties, 0 instances (2017)",1999,Health
veo,Vehicle Emissions Ontology,http://linkeddata.finki.ukim.mk/lod/ontology/veo#,,,"13 classes, 25 properties, 0 instances (2017)",1999,Industry; Environment
eli,The European Legislation Identifier,http://data.europa.eu/eli/ontology,,,"13 classes, 25 properties, 0 instances (2017)",1999,Contracts; FRBR
dataid; dataid,DataID,http://dataid.dbpedia.org/ns/core#,http://wiki.dbpedia.org/projects/dbpedia-dataid,,"13 classes, 25 properties, 0 instances (2017)",1999,Metadata
mls,Machine Learning Schema,http://www.w3.org/ns/mls,http://ml-schema.github.io/documentation/,,"13 classes, 25 properties, 0 instances (2017)",1999,Support; Methods
pep,Process Execution ontology.,https://w3id.org/pep/,,,"13 classes, 25 properties, 0 instances (2017)",1999,IoT
rdfp,The RDF Presentation ontology,https://w3id.org/rdfp/,,,"13 classes, 25 properties, 0 instances (2017)",1999,RDF; API
xbrll,A lightweight XBRL vocabulary,https://w3id.org/vocab/xbrll,,,"13 classes, 25 properties, 0 instances (2017)",1999,Industry; Services
bci; bci,Brain Computing Interface (BCI) Ontology,https://w3id.org/BCI-ontology,https://w3id.org/BCI-ontology#,,"13 classes, 25 properties, 0 instances (2017)",1999,IoT
orca,"orca, the Ontology of Reasoning, Certainty and Attribution",http://vocab.deri.ie/orca,http://vocab.deri.ie/orca.html,,"13 classes, 25 properties, 0 instances (2017)",1999,Metadata
seas; foio,The SEAS Feature of Interest ontology.,https://w3id.org/seas/FeatureOfInterestOntology,,,"13 classes, 25 properties, 0 instances (2017)",1999,Events
seas,SEAS ontology; SEAS Ontology,https://w3id.org/seas/,,,"13 classes, 25 properties, 0 instances (2017)",1999,Industry
w3c-ssn,Semantic Sensor Network Ontology,https://www.w3.org/ns/ssn,,,"13 classes, 25 properties, 0 instances (2017)",1999,Environment; IoT
seas; seas-sys,The SEAS System ontology,https://w3id.org/seas/SystemOntology,,,"13 classes, 25 properties, 0 instances (2017)",1999,Industry
seas; seas-eval,The SEAS Evaluation ontology,https://w3id.org/seas/EvaluationOntology,,,"13 classes, 25 properties, 0 instances (2017)",1999,Support; Methods
seas; seas-op,The SEAS Failable System ontology,https://w3id.org/seas/OperatingOntology,,,"13 classes, 25 properties, 0 instances (2017)",1999,Industry
seas; seas-qudt,QUDT Alignment.,https://w3id.org/seas/QUDTAlignment,,,"13 classes, 25 properties, 0 instances (2017)",1999,Industry
seas; seas-stats,The SEAS Statistics ontology.,https://w3id.org/seas/StatisticsOntology,,,"13 classes, 25 properties, 0 instances (2017)",1999,Industry; Methods
dqv,Data Quality Vocabulary,http://www.w3.org/ns/dqv,http://www.w3.org/TR/vocab-dqv/,,"13 classes, 25 properties, 0 instances (2017)",1999,Quality
aml,AutomationML Ontology,https://w3id.org/i40/aml,,,"13 classes, 25 properties, 0 instances (2017)",1999,Support; Industry
sto,i40 Standards Lanscape Vocabulary,https://w3id.org/i40/sto#,http://i40.semantic-interoperability.org/sto/index.html,,"13 classes, 25 properties, 0 instances (2017)",1999,Industry
rami,rami - Reference Architecture Model,https://w3id.org/i40/rami/,,,"13 classes, 25 properties, 0 instances (2017)",1999,Industry
san-lod,SAN Ontologia,http://dati.san.beniculturali.it/SAN/,,,"13 classes, 25 properties, 0 instances (2017)",1999,Catalogs
losp,Linked open specialities RF,http://sparql.sstu.ru:3030/speciality/,,,"13 classes, 25 properties, 0 instances (2017)",1999,Tag; Support
fiesta-iot,FIESTA-IoT Ontology,http://purl.org/iot/ontology/fiesta-iot,,,"13 classes, 25 properties, 0 instances (2017)",1999,IoT
cwmo,Creative Workshop Management Ontology (CWMO),http://purl.org/cwmo/#,,,"13 classes, 25 properties, 0 instances (2017)",1999,Image; Multimedia
rsctx,Recommender System Context,http://softeng.polito.it/rsctx,,,"13 classes, 25 properties, 0 instances (2017)",1999,Services; API
rooms,Buildings and Rooms Vocabulary,http://vocab.deri.ie/rooms,http://vocab.deri.ie/rooms.html,,"13 classes, 25 properties, 0 instances (2017)",1999,Environment; Geography
sosa,"Sensor, Observation, Sample, and Actuator (SOSA) Ontology",http://www.w3.org/ns/sosa/,,,"13 classes, 25 properties, 0 instances (2017)",1999,Environment; IoT
